cvb3_site,H_entB,H.stnd_entB,gini_entB,H_cvb3,H.stnd_cvb3,gini_cvb3,H_cvb3_dms,H.stnd_cvb3_dms
1,0,0,0.929,0,0,0.929,1.63,0.544
2,0,0,0.929,0,0,0.929,2.005,0.669
3,0.04,0.013,0.928,0.098,0.033,0.927,2.351,0.785
4,0.01,0.003,0.928,0,0,0.929,2.278,0.76
5,0.028,0.009,0.928,0,0,0.929,2.489,0.831
6,0.018,0.006,0.928,0,0,0.929,1.905,0.636
7,0.036,0.012,0.928,0,0,0.929,2.355,0.786
8,0,0,0.929,0,0,0.929,1.432,0.478
9,0,0,0.929,0,0,0.929,2.19,0.731
10,0.102,0.034,0.927,0,0,0.929,2.119,0.707
11,0,0,0.929,0,0,0.929,1.603,0.535
12,0.079,0.026,0.927,0.098,0.033,0.927,2.269,0.757
13,0.02,0.007,0.928,0,0,0.929,1.678,0.56
14,0.026,0.009,0.928,0,0,0.929,1.931,0.645
15,0.098,0.033,0.927,0,0,0.929,2.093,0.699
16,0.895,0.299,0.893,0.279,0.093,0.923,1.468,0.49
17,0.372,0.124,0.92,0.627,0.209,0.906,2.515,0.84
18,0.954,0.318,0.886,0.405,0.135,0.919,2.445,0.816
19,0.056,0.019,0.928,0,0,0.929,2.405,0.803
20,0.834,0.278,0.888,0,0,0.929,2.763,0.922
21,0.221,0.074,0.921,0.098,0.033,0.927,2.356,0.786
22,0.588,0.196,0.911,0,0,0.929,2.773,0.926
23,0.127,0.042,0.927,0,0,0.929,2.77,0.925
24,0.735,0.245,0.905,0.405,0.135,0.919,2.602,0.868
25,0.052,0.017,0.928,0,0,0.929,2.483,0.829
26,0.112,0.037,0.927,0,0,0.929,2.652,0.885
27,0.018,0.006,0.928,0,0,0.929,2.33,0.778
28,0,0,0.929,0,0,0.929,2.507,0.837
29,0.044,0.015,0.928,0.098,0.033,0.927,2.442,0.815
30,0.04,0.013,0.928,0,0,0.929,2.358,0.787
31,0,0,0.929,0,0,0.929,2.477,0.827
32,0.256,0.085,0.924,0,0,0.929,2.202,0.735
33,0.028,0.009,0.928,0,0,0.929,2.496,0.833
34,0.059,0.02,0.928,0,0,0.929,2.393,0.799
35,0,0,0.929,0,0,0.929,2.4,0.801
36,0.325,0.108,0.921,0,0,0.929,2.628,0.877
37,0,0,0.929,0,0,0.929,2.513,0.839
38,0,0,0.929,0,0,0.929,2.463,0.822
39,0.2,0.067,0.925,0,0,0.929,2.502,0.835
40,0.223,0.075,0.924,0,0,0.929,1.345,0.449
41,0.547,0.182,0.912,0,0,0.929,2.485,0.83
42,0.263,0.088,0.923,0.325,0.109,0.921,2.709,0.904
43,0,0,0.929,0,0,0.929,2.512,0.838
44,0,0,0.929,0,0,0.929,2.193,0.732
45,0.345,0.115,0.921,0,0,0.929,2.636,0.88
46,0.299,0.1,0.922,0,0,0.929,2.488,0.83
47,0.993,0.331,0.887,0.227,0.076,0.924,2.69,0.898
48,0,0,0.929,0,0,0.929,2.472,0.825
49,0.01,0.003,0.928,0,0,0.929,2.566,0.857
50,0,0,0.929,0,0,0.929,2.656,0.887
51,0.726,0.242,0.896,0.171,0.057,0.926,2.724,0.909
52,0.018,0.006,0.928,0,0,0.929,2.528,0.844
53,0,0,0.929,0,0,0.929,2.227,0.743
54,0.081,0.027,0.927,0,0,0.929,2.485,0.83
55,0.17,0.057,0.926,0,0,0.929,2.361,0.788
56,0,0,0.929,0,0,0.929,2.427,0.81
57,0.526,0.175,0.915,0,0,0.929,2.652,0.885
58,0.056,0.019,0.928,0,0,0.929,2.581,0.862
59,0.01,0.003,0.928,0,0,0.929,2.516,0.84
60,0.859,0.287,0.892,0,0,0.929,2.373,0.792
61,0,0,0.929,0,0,0.929,2.343,0.782
62,0.576,0.192,0.911,0,0,0.929,2.797,0.934
63,0,0,0.929,0,0,0.929,2.682,0.895
64,0.498,0.166,0.914,0.098,0.033,0.927,2.381,0.795
65,0.644,0.215,0.904,0,0,0.929,2.456,0.82
66,0,0,0.929,0,0,0.929,2.584,0.863
67,0.01,0.003,0.928,0,0,0.929,2.555,0.853
68,0,0,0.929,0,0,0.929,2.447,0.817
69,0,0,0.929,0,0,0.929,2.507,0.837
70,0,0,0.929,0,0,0.929,2.405,0.803
71,0,0,0.929,0,0,0.929,2.557,0.854
72,0.731,0.244,0.896,0,0,0.929,2.143,0.715
73,0.701,0.234,0.898,0.098,0.033,0.927,2.841,0.948
74,0,0,0.929,0,0,0.929,2.431,0.812
75,0.02,0.007,0.928,0.098,0.033,0.927,2.583,0.862
76,0,0,0.929,0,0,0.929,2.451,0.818
77,0,0,0.929,0,0,0.929,2.365,0.789
78,0.331,0.111,0.921,0.098,0.033,0.927,2.084,0.696
79,0,0,0.929,0,0,0.929,2.381,0.795
80,0,0,0.929,0,0,0.929,2.404,0.803
81,0,0,0.929,0,0,0.929,2.343,0.782
82,0.028,0.009,0.928,0.098,0.033,0.927,2.563,0.855
83,0,0,0.929,0,0,0.929,2.407,0.803
84,0.148,0.05,0.926,0,0,0.929,2.048,0.684
85,0.451,0.151,0.916,0,0,0.929,2.367,0.79
86,0,0,0.929,0,0,0.929,2.224,0.743
87,0.188,0.063,0.925,0,0,0.929,2.423,0.809
88,0.01,0.003,0.928,0,0,0.929,2.436,0.813
89,0,0,0.929,0,0,0.929,2.62,0.875
90,0,0,0.929,0,0,0.929,2.556,0.853
91,0,0,0.929,0,0,0.929,2.569,0.858
92,0,0,0.929,0,0,0.929,2.47,0.824
93,0.01,0.003,0.928,0,0,0.929,2.359,0.787
94,0.01,0.003,0.928,0,0,0.929,2.49,0.831
95,0,0,0.929,0,0,0.929,2.397,0.8
96,0.01,0.003,0.928,0,0,0.929,2.303,0.769
97,0.689,0.23,0.905,0,0,0.929,2.451,0.818
98,0,0,0.929,0,0,0.929,2.654,0.886
99,0,0,0.929,0,0,0.929,2.534,0.846
100,0.01,0.003,0.928,0,0,0.929,2.554,0.853
101,0.07,0.023,0.927,0,0,0.929,2.385,0.796
102,0.156,0.052,0.925,0,0,0.929,2.465,0.823
103,0.562,0.188,0.912,0,0,0.929,2.633,0.879
104,0,0,0.929,0,0,0.929,2.362,0.789
105,0.01,0.003,0.928,0,0,0.929,2.325,0.776
106,1.332,0.445,0.861,0,0,0.929,2.786,0.93
107,0,0,0.929,0,0,0.929,2.519,0.841
108,0.01,0.003,0.928,0,0,0.929,2.507,0.837
109,1.769,0.591,0.801,0.196,0.065,0.924,2.775,0.926
110,0.01,0.003,0.928,0,0,0.929,2.513,0.839
111,0,0,0.929,0,0,0.929,2.502,0.835
112,1.48,0.494,0.84,0.098,0.033,0.927,2.873,0.959
113,0.018,0.006,0.928,0,0,0.929,2.548,0.851
114,1.685,0.562,0.816,1.074,0.358,0.87,2.709,0.904
115,0.163,0.054,0.926,0,0,0.929,2.496,0.833
116,0,0,0.929,0,0,0.929,2.546,0.85
117,0.131,0.044,0.927,0,0,0.929,2.537,0.847
118,0.091,0.03,0.927,0,0,0.929,2.507,0.837
119,0.447,0.149,0.916,0,0,0.929,2.627,0.877
120,0.02,0.007,0.928,0,0,0.929,2.543,0.849
121,0.043,0.014,0.928,0,0,0.929,2.442,0.815
122,0.02,0.007,0.928,0,0,0.929,2.455,0.819
123,0.01,0.003,0.928,0,0,0.929,2.433,0.812
124,0.038,0.013,0.928,0,0,0.929,2.577,0.86
125,0.02,0.007,0.928,0,0,0.929,2.437,0.813
126,0.01,0.003,0.928,0,0,0.929,2.547,0.85
127,0.01,0.003,0.928,0,0,0.929,2.231,0.745
128,0.01,0.003,0.928,0,0,0.929,2.509,0.837
129,0.02,0.007,0.928,0,0,0.929,2.579,0.861
130,0,0,0.929,0,0,0.929,2.339,0.781
131,0.01,0.003,0.928,0,0,0.929,2.488,0.831
132,0,0,0.929,0,0,0.929,2.545,0.849
133,0.01,0.003,0.928,0,0,0.929,2.482,0.829
134,0,0,0.929,0,0,0.929,2.532,0.845
135,0.04,0.013,0.928,0,0,0.929,2.519,0.841
136,0.939,0.314,0.891,0,0,0.929,2.592,0.865
137,0,0,0.929,0,0,0.929,2.588,0.864
138,0.35,0.117,0.921,0,0,0.929,2.465,0.823
139,1.842,0.615,0.793,0,0,0.929,2.71,0.905
140,0.01,0.003,0.928,0,0,0.929,2.618,0.874
141,1.103,0.368,0.877,0,0,0.929,2.632,0.879
142,1.445,0.482,0.84,0,0,0.929,2.61,0.871
143,1.866,0.623,0.777,0.098,0.033,0.927,2.401,0.801
144,0.01,0.003,0.928,0,0,0.929,2.564,0.856
145,1.493,0.499,0.839,0.227,0.076,0.924,2.677,0.894
146,0,0,0.929,0,0,0.929,2.718,0.907
147,0.01,0.003,0.928,0,0,0.929,2.832,0.945
148,0.01,0.003,0.928,0.098,0.033,0.927,2.63,0.878
149,0.02,0.007,0.928,0,0,0.929,2.42,0.808
150,0,0,0.929,0,0,0.929,2.363,0.789
151,0.313,0.104,0.922,0,0,0.929,2.353,0.785
152,0.03,0.01,0.928,0,0,0.929,2.686,0.897
153,0.764,0.255,0.9,0,0,0.929,2.557,0.854
154,0.082,0.027,0.927,0,0,0.929,2.514,0.839
155,0.02,0.007,0.928,0,0,0.929,2.481,0.828
156,1.185,0.396,0.872,0,0,0.929,2.599,0.867
157,1.04,0.347,0.885,0.098,0.033,0.927,2.747,0.917
158,0.269,0.09,0.923,0,0,0.929,2.485,0.83
159,0.01,0.003,0.928,0,0,0.929,2.538,0.847
160,0,0,0.929,0,0,0.929,2.635,0.88
161,0.01,0.003,0.928,0,0,0.929,2.604,0.869
162,0.131,0.044,0.927,0,0,0.929,2.456,0.82
163,0,0,0.929,0,0,0.929,2.469,0.824
164,0.01,0.003,0.928,0,0,0.929,2.525,0.843
165,0,0,0.929,0,0,0.929,2.528,0.844
166,1.536,0.513,0.835,0,0,0.929,2.7,0.901
167,0.026,0.009,0.928,0.098,0.033,0.927,2.331,0.778
168,0,0,0.929,0,0,0.929,2.58,0.861
169,0,0,0.929,0,0,0.929,2.433,0.812
170,0.01,0.003,0.928,0.098,0.033,0.927,2.295,0.766
171,0.01,0.003,0.928,0.098,0.033,0.927,2.597,0.867
172,0.01,0.003,0.928,0,0,0.929,2.502,0.835
173,1.045,0.349,0.877,0.098,0.033,0.927,2.631,0.878
174,0.01,0.003,0.928,0.098,0.033,0.927,2.545,0.849
175,0.01,0.003,0.928,0,0,0.929,2.551,0.852
176,0,0,0.929,0,0,0.929,2.535,0.846
177,0.439,0.147,0.918,0.168,0.056,0.926,2.462,0.822
178,0,0,0.929,0,0,0.929,2.563,0.856
179,0.028,0.009,0.928,0,0,0.929,2.627,0.877
180,0,0,0.929,0,0,0.929,2.678,0.894
181,0.01,0.003,0.928,0,0,0.929,2.414,0.806
182,0,0,0.929,0,0,0.929,2.716,0.907
183,0,0,0.929,0,0,0.929,2.696,0.9
184,0.01,0.003,0.928,0,0,0.929,2.708,0.904
185,0.151,0.05,0.926,0.098,0.033,0.927,2.672,0.892
186,0.01,0.003,0.928,0,0,0.929,2.673,0.892
187,0,0,0.929,0,0,0.929,2.709,0.904
188,0,0,0.929,0,0,0.929,2.726,0.91
189,0.01,0.003,0.928,0.098,0.033,0.927,2.573,0.859
190,0.074,0.025,0.928,0,0,0.929,2.48,0.828
191,0.176,0.059,0.925,0,0,0.929,2.455,0.82
192,0.062,0.021,0.928,0,0,0.929,2.571,0.858
193,0.026,0.009,0.928,0,0,0.929,2.526,0.843
194,0.046,0.015,0.928,0,0,0.929,2.501,0.835
195,0,0,0.929,0,0,0.929,2.606,0.87
196,0.01,0.003,0.928,0,0,0.929,2.658,0.887
197,0,0,0.929,0,0,0.929,2.582,0.862
198,0.026,0.009,0.928,0,0,0.929,2.308,0.77
199,0,0,0.929,0,0,0.929,2.654,0.886
200,0.074,0.025,0.928,0,0,0.929,2.475,0.826
201,0,0,0.929,0,0,0.929,2.629,0.878
202,0.02,0.007,0.928,0.098,0.033,0.927,2.635,0.879
203,0.964,0.322,0.889,0,0,0.929,2.692,0.899
204,0.886,0.296,0.896,0,0,0.929,2.807,0.937
205,1.833,0.612,0.789,0,0,0.929,2.574,0.859
206,1.638,0.547,0.818,0,0,0.929,2.028,0.677
207,1.735,0.579,0.804,0.098,0.033,0.927,2.128,0.711
208,2.038,0.68,0.749,0,0,0.929,2.635,0.879
209,1.577,0.527,0.825,0,0,0.929,2.313,0.772
210,1.574,0.526,0.827,0,0,0.929,2.762,0.922
211,1.867,0.623,0.779,0.098,0.033,0.927,1.813,0.605
212,2.162,0.722,0.721,0,0,0.929,2.761,0.922
213,2.113,0.705,0.739,0.752,0.251,0.899,2.714,0.906
214,2.099,0.701,0.738,0,0,0.929,2.613,0.872
215,0.547,0.183,0.912,0,0,0.929,2.672,0.892
216,1.194,0.399,0.868,0,0,0.929,2.71,0.905
217,1.735,0.579,0.809,0,0,0.929,2.777,0.927
218,0.993,0.331,0.88,0,0,0.929,2.828,0.944
219,0.8,0.267,0.9,0,0,0.929,2.677,0.894
220,2.259,0.754,0.69,0.594,0.198,0.911,2.296,0.766
221,0.381,0.127,0.92,0,0,0.929,2.618,0.874
222,1.91,0.637,0.778,0.098,0.033,0.927,2.598,0.867
223,1.884,0.629,0.788,0,0,0.929,2.895,0.966
224,0.039,0.013,0.928,0,0,0.929,2.635,0.88
225,1.718,0.574,0.811,0.367,0.122,0.92,2.737,0.914
226,2.089,0.697,0.738,0.84,0.28,0.894,2.627,0.877
227,1.934,0.646,0.77,0.848,0.283,0.893,2.739,0.914
228,2.076,0.693,0.747,0,0,0.929,2.805,0.936
229,1.712,0.572,0.808,0.69,0.23,0.896,2.677,0.894
230,1.147,0.383,0.875,0,0,0.929,2.742,0.915
231,1.473,0.492,0.844,0.279,0.093,0.923,2.616,0.873
232,1.67,0.558,0.819,0.098,0.033,0.927,2.428,0.811
233,1.615,0.539,0.825,0.279,0.093,0.923,1.794,0.599
234,1.895,0.633,0.783,0,0,0.929,1.875,0.626
235,1.572,0.525,0.822,0,0,0.929,2.454,0.819
236,1.976,0.659,0.763,0,0,0.929,2.379,0.794
237,0.319,0.106,0.922,0,0,0.929,2.507,0.837
238,0,0,0.929,0,0,0.929,2.572,0.859
239,1.693,0.565,0.813,0.227,0.076,0.924,1.061,0.354
240,1.244,0.415,0.864,0.367,0.122,0.92,2.653,0.886
241,0.076,0.025,0.927,0,0,0.929,2.657,0.887
242,1.827,0.61,0.784,0.279,0.093,0.923,2.349,0.784
243,0,0,0.929,0,0,0.929,2.447,0.817
244,0.01,0.003,0.928,0,0,0.929,2.44,0.815
245,0.324,0.108,0.922,0,0,0.929,2.51,0.838
246,0.064,0.021,0.928,0,0,0.929,2.535,0.846
247,0.01,0.003,0.928,0,0,0.929,2.61,0.871
248,0.347,0.116,0.921,0.367,0.122,0.92,2.575,0.86
249,0.561,0.187,0.912,0,0,0.929,2.535,0.846
250,0.202,0.067,0.925,0.098,0.033,0.927,2.508,0.837
251,0,0,0.929,0,0,0.929,2.574,0.859
252,0,0,0.929,0,0,0.929,2.766,0.923
253,0,0,0.929,0,0,0.929,2.553,0.852
254,0.01,0.003,0.928,0,0,0.929,2.834,0.946
255,0.091,0.03,0.927,0,0,0.929,2.664,0.889
256,0.583,0.195,0.909,0,0,0.929,2.736,0.913
257,0.01,0.003,0.928,0.098,0.033,0.927,2.637,0.88
258,0,0,0.929,0,0,0.929,2.562,0.855
259,0,0,0.929,0,0,0.929,2.359,0.787
260,0,0,0.929,0,0,0.929,2.489,0.831
261,0.112,0.037,0.927,0,0,0.929,2.499,0.834
262,0,0,0.929,0,0,0.929,2.452,0.819
263,0,0,0.929,0,0,0.929,2.581,0.861
264,0,0,0.929,0,0,0.929,2.616,0.873
265,0,0,0.929,0,0,0.929,2.621,0.875
266,0,0,0.929,0,0,0.929,2.671,0.891
267,0,0,0.929,0,0,0.929,2.608,0.871
268,0.532,0.178,0.913,0,0,0.929,2.532,0.845
269,0,0,0.929,0,0,0.929,2.605,0.869
270,0,0,0.929,0,0,0.929,2.547,0.85
271,0.08,0.027,0.927,0,0,0.929,2.628,0.877
272,0.018,0.006,0.928,0,0,0.929,2.568,0.857
273,0.198,0.066,0.925,0.098,0.033,0.927,2.659,0.888
274,0,0,0.929,0,0,0.929,2.645,0.883
275,0,0,0.929,0,0,0.929,2.569,0.858
276,0.371,0.124,0.92,0,0,0.929,2.784,0.929
277,0,0,0.929,0,0,0.929,2.677,0.893
278,0.437,0.146,0.917,0,0,0.929,2.722,0.909
279,0.01,0.003,0.928,0,0,0.929,2.716,0.907
280,0,0,0.929,0,0,0.929,2.573,0.859
281,0,0,0.929,0,0,0.929,2.514,0.839
282,0.01,0.003,0.928,0,0,0.929,2.634,0.879
283,0.205,0.068,0.925,0.098,0.033,0.927,2.725,0.909
284,0.046,0.015,0.928,0,0,0.929,2.685,0.896
285,0.623,0.208,0.911,0,0,0.929,2.704,0.903
286,0,0,0.929,0,0,0.929,2.623,0.875
287,0,0,0.929,0,0,0.929,2.736,0.913
288,1.136,0.379,0.875,0,0,0.929,2.646,0.883
289,0.02,0.007,0.928,0,0,0.929,2.768,0.924
290,0.402,0.134,0.918,0.534,0.178,0.914,2.729,0.911
291,0.01,0.003,0.928,0,0,0.929,2.565,0.856
292,0,0,0.929,0,0,0.929,2.678,0.894
293,0,0,0.929,0,0,0.929,2.65,0.885
294,0.732,0.244,0.897,0,0,0.929,2.074,0.692
295,0.056,0.019,0.928,0,0,0.929,2.633,0.879
296,0,0,0.929,0,0,0.929,2.567,0.857
297,0,0,0.929,0,0,0.929,2.627,0.877
298,0.691,0.231,0.899,0,0,0.929,2.479,0.828
299,1.078,0.36,0.883,0.098,0.033,0.927,2.72,0.908
300,0.01,0.003,0.928,0,0,0.929,2.482,0.828
301,1.335,0.446,0.858,0,0,0.929,2.524,0.843
302,0.649,0.217,0.907,0,0,0.929,2.005,0.669
303,1.619,0.54,0.826,0,0,0.929,2.605,0.87
304,2.018,0.674,0.755,0.279,0.093,0.923,2.26,0.754
305,1.29,0.431,0.861,0,0,0.929,2.519,0.841
306,0.877,0.293,0.897,0,0,0.929,2.567,0.857
307,0.665,0.222,0.905,0,0,0.929,2.454,0.819
308,1.17,0.391,0.868,0,0,0.929,2.543,0.849
309,0.547,0.183,0.904,0,0,0.929,2.658,0.887
310,0.433,0.145,0.917,0,0,0.929,2.459,0.821
311,0,0,0.929,0,0,0.929,2.462,0.822
312,0.294,0.098,0.922,0,0,0.929,2.64,0.881
313,0,0,0.929,0,0,0.929,2.186,0.73
314,0.272,0.091,0.923,0.168,0.056,0.926,2.326,0.776
315,0,0,0.929,0,0,0.929,2.418,0.807
316,0.558,0.186,0.911,0,0,0.929,2.414,0.806
317,0.01,0.003,0.928,0,0,0.929,2.47,0.825
318,0.018,0.006,0.928,0,0,0.929,2.437,0.813
319,0,0,0.929,0,0,0.929,2.528,0.844
320,0.976,0.326,0.887,0.421,0.141,0.919,2.629,0.877
321,0.036,0.012,0.928,0,0,0.929,2.42,0.808
322,0,0,0.929,0,0,0.929,2.478,0.827
323,0,0,0.929,0,0,0.929,2.506,0.837
324,0.028,0.009,0.928,0,0,0.929,2.608,0.871
325,0,0,0.929,0,0,0.929,2.374,0.792
326,0.01,0.003,0.928,0,0,0.929,2.502,0.835
327,0,0,0.929,0,0,0.929,2.527,0.843
328,0.074,0.025,0.927,0,0,0.929,2.391,0.798
329,0.419,0.14,0.917,0,0,0.929,2.576,0.86
330,1.39,0.464,0.854,0.5,0.167,0.914,2.86,0.955
331,1.813,0.605,0.796,0,0,0.929,2.711,0.905
332,0,0,0.929,0,0,0.929,2.519,0.841
333,0,0,0.929,0,0,0.929,2.52,0.841
334,0.206,0.069,0.925,0,0,0.929,2.363,0.789
335,0,0,0.929,0,0,0.929,2.323,0.776
336,0.772,0.258,0.897,0,0,0.929,2.235,0.746
337,0.494,0.165,0.915,0,0,0.929,2.375,0.793
338,1.051,0.351,0.883,0,0,0.929,2.652,0.885
339,0.149,0.05,0.926,0,0,0.929,2.361,0.788
340,0,0,0.929,0,0,0.929,2.58,0.861
341,0,0,0.929,0,0,0.929,2.68,0.894
342,0.01,0.003,0.928,0,0,0.929,2.641,0.882
343,0.939,0.313,0.892,0,0,0.929,2.589,0.864
344,0,0,0.929,0,0,0.929,2.363,0.789
345,0,0,0.929,0,0,0.929,2.516,0.84
346,0.15,0.05,0.926,0,0,0.929,2.174,0.726
347,0,0,0.929,0,0,0.929,2.492,0.832
348,0.026,0.009,0.928,0,0,0.929,2.732,0.912
349,0,0,0.929,0,0,0.929,2.58,0.861
350,0.036,0.012,0.928,0,0,0.929,2.634,0.879
351,0.376,0.125,0.92,0,0,0.929,2.421,0.808
352,0,0,0.929,0,0,0.929,2.287,0.764
353,0,0,0.929,0,0,0.929,2.533,0.846
354,0,0,0.929,0,0,0.929,2.558,0.854
355,0.687,0.229,0.907,0.168,0.056,0.926,2.616,0.873
356,0.01,0.003,0.928,0,0,0.929,2.554,0.853
357,0.285,0.095,0.923,0,0,0.929,2.355,0.786
358,0.01,0.003,0.928,0,0,0.929,2.479,0.828
359,0.235,0.078,0.924,0,0,0.929,2.349,0.784
360,0.321,0.107,0.922,0,0,0.929,2.466,0.823
361,0.01,0.003,0.928,0,0,0.929,2.46,0.821
362,0.252,0.084,0.923,0,0,0.929,2.564,0.856
363,0.01,0.003,0.928,0,0,0.929,2.548,0.851
364,0.028,0.009,0.928,0,0,0.929,2.472,0.825
365,0.995,0.332,0.874,0,0,0.929,2.678,0.894
366,0.729,0.243,0.903,0,0,0.929,2.792,0.932
367,2.154,0.719,0.732,0.916,0.306,0.886,2.914,0.973
368,0,0,0.929,0,0,0.929,2.694,0.899
369,0.01,0.003,0.928,0,0,0.929,2.494,0.833
370,0,0,0.929,0,0,0.929,2.675,0.893
371,0.742,0.248,0.903,0,0,0.929,2.632,0.879
372,0,0,0.929,0,0,0.929,2.67,0.891
373,1.527,0.51,0.834,0.098,0.033,0.927,1.774,0.592
374,0,0,0.929,0,0,0.929,2.592,0.865
375,0.098,0.033,0.927,0,0,0.929,2.47,0.824
376,0,0,0.929,0,0,0.929,2.513,0.839
377,0.01,0.003,0.928,0,0,0.929,2.576,0.86
378,0.352,0.117,0.921,0,0,0.929,2.647,0.884
379,0,0,0.929,0,0,0.929,2.61,0.871
380,0,0,0.929,0,0,0.929,2.371,0.791
381,0,0,0.929,0,0,0.929,2.391,0.798
382,0,0,0.929,0,0,0.929,2.555,0.853
383,0.02,0.007,0.928,0,0,0.929,2.452,0.819
384,0.122,0.041,0.927,0,0,0.929,2.592,0.865
385,0.206,0.069,0.925,0,0,0.929,2.752,0.919
386,0,0,0.929,0,0,0.929,2.656,0.887
387,0.566,0.189,0.911,0,0,0.929,2.727,0.91
388,0.311,0.104,0.922,0,0,0.929,2.686,0.897
389,0,0,0.929,0,0,0.929,2.606,0.87
390,1.377,0.46,0.847,0.627,0.209,0.906,2.417,0.807
391,2.117,0.707,0.727,0,0,0.929,1.339,0.447
392,1.763,0.588,0.808,0,0,0.929,2.729,0.911
393,1.43,0.477,0.848,0,0,0.929,2.69,0.898
394,1.275,0.425,0.868,0,0,0.929,1.097,0.366
395,1.927,0.643,0.765,0,0,0.929,1.848,0.617
396,1.254,0.418,0.866,0.098,0.033,0.927,2.551,0.852
397,1.081,0.361,0.883,0,0,0.929,2.52,0.841
398,0.844,0.282,0.898,0,0,0.929,2.277,0.76
399,0.957,0.32,0.889,0,0,0.929,2.648,0.884
400,0.508,0.17,0.914,0,0,0.929,2.508,0.837
401,1.017,0.34,0.885,0,0,0.929,2.694,0.899
402,0.436,0.146,0.918,0,0,0.929,2.594,0.866
403,1.004,0.335,0.883,0,0,0.929,2.644,0.883
404,0.148,0.049,0.926,0,0,0.929,2.705,0.903
405,1.981,0.661,0.765,0,0,0.929,2.742,0.915
406,1.476,0.493,0.839,0,0,0.929,2.745,0.916
407,1.692,0.565,0.813,0,0,0.929,2.691,0.898
408,1.89,0.631,0.785,0.098,0.033,0.927,2.832,0.945
409,2.166,0.723,0.726,0,0,0.929,2.357,0.787
410,2.136,0.713,0.735,0.653,0.218,0.903,2.771,0.925
411,1.464,0.489,0.837,0,0,0.929,2.644,0.882
412,2.011,0.671,0.757,0,0,0.929,2.472,0.825
413,0.702,0.234,0.904,0,0,0.929,2.62,0.875
414,0.594,0.198,0.911,0,0,0.929,2.75,0.918
415,0,0,0.929,0,0,0.929,2.489,0.831
416,0.653,0.218,0.909,0,0,0.929,2.688,0.897
417,0.322,0.108,0.922,0,0,0.929,2.481,0.828
418,1.485,0.496,0.843,0,0,0.929,2.718,0.907
419,0.822,0.275,0.898,0,0,0.929,2.497,0.834
420,1.225,0.409,0.863,0,0,0.929,2.585,0.863
421,0,0,0.929,0,0,0.929,2.496,0.833
422,0,0,0.929,0,0,0.929,2.417,0.807
423,1.798,0.6,0.8,0,0,0.929,2.607,0.87
424,1.174,0.392,0.871,0,0,0.929,2.412,0.805
425,0.844,0.282,0.898,0,0,0.929,2.693,0.899
426,0,0,0.929,0,0,0.929,2.567,0.857
427,0.961,0.321,0.884,0,0,0.929,2.478,0.827
428,1.526,0.509,0.838,0,0,0.929,2.74,0.915
429,0.595,0.199,0.91,0,0,0.929,2.634,0.879
430,0,0,0.929,0,0,0.929,2.595,0.866
431,0.036,0.012,0.928,0,0,0.929,2.666,0.89
432,0.177,0.059,0.925,0,0,0.929,2.594,0.866
433,0,0,0.929,0,0,0.929,2.611,0.871
434,0,0,0.929,0,0,0.929,2.502,0.835
435,0.472,0.158,0.915,0,0,0.929,2.519,0.841
436,0.164,0.055,0.926,0,0,0.929,2.542,0.849
437,0.028,0.009,0.928,0,0,0.929,2.685,0.896
438,0,0,0.929,0,0,0.929,2.461,0.821
439,0.182,0.061,0.925,0,0,0.929,2.523,0.842
440,0.648,0.216,0.904,0,0,0.929,2.677,0.894
441,0.523,0.175,0.913,0,0,0.929,2.604,0.869
442,0,0,0.929,0,0,0.929,2.686,0.897
443,0,0,0.929,0,0,0.929,2.698,0.901
444,0,0,0.929,0,0,0.929,2.798,0.934
445,0,0,0.929,0,0,0.929,2.679,0.894
446,1.127,0.376,0.874,0,0,0.929,2.473,0.826
447,0.062,0.021,0.928,0,0,0.929,2.402,0.802
448,0.203,0.068,0.925,0,0,0.929,2.618,0.874
449,0,0,0.929,0,0,0.929,2.548,0.851
450,0.02,0.007,0.928,0,0,0.929,2.525,0.843
451,1.298,0.433,0.86,0,0,0.929,2.441,0.815
452,0.517,0.173,0.914,0,0,0.929,2.442,0.815
453,0.03,0.01,0.928,0,0,0.929,2.374,0.793
454,0,0,0.929,0,0,0.929,2.588,0.864
455,0.515,0.172,0.915,0,0,0.929,2.542,0.848
456,0,0,0.929,0,0,0.929,2.738,0.914
457,0.068,0.023,0.928,0,0,0.929,2.633,0.879
458,0.275,0.092,0.923,0,0,0.929,2.586,0.863
459,0.01,0.003,0.928,0,0,0.929,2.517,0.84
460,0.01,0.003,0.928,0,0,0.929,2.257,0.753
461,0,0,0.929,0,0,0.929,2.478,0.827
462,0.596,0.199,0.912,0,0,0.929,2.428,0.81
463,0.043,0.014,0.928,0,0,0.929,2.529,0.844
464,0.61,0.204,0.909,0,0,0.929,2.528,0.844
465,0.285,0.095,0.923,0,0,0.929,2.754,0.919
466,0,0,0.929,0,0,0.929,2.665,0.89
467,0.301,0.1,0.922,0,0,0.929,2.532,0.845
468,0,0,0.929,0,0,0.929,2.723,0.909
469,0,0,0.929,0,0,0.929,2.699,0.901
470,0,0,0.929,0,0,0.929,2.674,0.892
471,0.01,0.003,0.928,0,0,0.929,2.649,0.884
472,1.094,0.365,0.879,0,0,0.929,2.763,0.922
473,1.288,0.43,0.862,0,0,0.929,2.769,0.924
474,0,0,0.929,0,0,0.929,2.357,0.787
475,1.788,0.597,0.801,0,0,0.929,2.827,0.944
476,1.457,0.486,0.839,0.098,0.033,0.927,2.764,0.923
477,0,0,0.929,0,0,0.929,2.601,0.868
478,0.481,0.16,0.915,0.098,0.033,0.927,2.64,0.881
479,1.309,0.437,0.864,0.098,0.033,0.927,2.583,0.862
480,0.01,0.003,0.928,0,0,0.929,2.679,0.894
481,0,0,0.929,0,0,0.929,2.571,0.858
482,0.01,0.003,0.928,0,0,0.929,2.556,0.853
483,0.02,0.007,0.928,0,0,0.929,2.597,0.867
484,0.01,0.003,0.928,0,0,0.929,2.619,0.874
485,0.018,0.006,0.928,0,0,0.929,2.534,0.846
486,0.753,0.251,0.9,0,0,0.929,2.464,0.823
487,0.514,0.172,0.914,0.098,0.033,0.927,2.385,0.796
488,0.01,0.003,0.928,0,0,0.929,2.501,0.835
489,0,0,0.929,0,0,0.929,2.496,0.833
490,0.801,0.267,0.9,0,0,0.929,2.63,0.878
491,0,0,0.929,0,0,0.929,2.682,0.895
492,0.01,0.003,0.928,0,0,0.929,2.514,0.839
493,0.01,0.003,0.928,0,0,0.929,2.359,0.788
494,0,0,0.929,0,0,0.929,2.218,0.74
495,0.01,0.003,0.928,0,0,0.929,2.471,0.825
496,0.01,0.003,0.928,0,0,0.929,2.243,0.749
497,0.01,0.003,0.928,0,0,0.929,2.491,0.831
498,0,0,0.929,0,0,0.929,2.663,0.889
499,0,0,0.929,0,0,0.929,2.211,0.738
500,0.687,0.229,0.899,0,0,0.929,2.632,0.878
501,0,0,0.929,0,0,0.929,2.516,0.84
502,0,0,0.929,0,0,0.929,2.482,0.828
503,0.01,0.003,0.928,0,0,0.929,2.724,0.909
504,0,0,0.929,0,0,0.929,2.667,0.89
505,0,0,0.929,0,0,0.929,2.402,0.802
506,0.261,0.087,0.923,0,0,0.929,2.585,0.863
507,0.36,0.12,0.92,0,0,0.929,2.452,0.819
508,0,0,0.929,0,0,0.929,2.508,0.837
509,0,0,0.929,0,0,0.929,2.665,0.89
510,1.291,0.431,0.857,0.227,0.076,0.924,2.613,0.872
511,0.131,0.044,0.927,0,0,0.929,2.627,0.877
512,1.945,0.649,0.772,0.168,0.056,0.926,2.806,0.937
513,1.99,0.664,0.762,0,0,0.929,2.634,0.879
514,0.065,0.022,0.928,0,0,0.929,2.671,0.892
515,1.421,0.474,0.843,0,0,0.929,2.782,0.929
516,0,0,0.929,0,0,0.929,2.749,0.918
517,0.157,0.053,0.926,0.098,0.033,0.927,2.645,0.883
518,1.264,0.422,0.856,0,0,0.929,2.534,0.846
519,0.764,0.255,0.903,0,0,0.929,2.469,0.824
520,0,0,0.929,0,0,0.929,2.626,0.877
521,0.996,0.333,0.882,0,0,0.929,2.644,0.882
522,0.658,0.22,0.902,0,0,0.929,2.573,0.859
523,0.266,0.089,0.923,0,0,0.929,2.617,0.874
524,0.161,0.054,0.925,0,0,0.929,2.624,0.876
525,0,0,0.929,0,0,0.929,2.397,0.8
526,0.046,0.015,0.928,0,0,0.929,2.741,0.915
527,0,0,0.929,0,0,0.929,2.462,0.822
528,0,0,0.929,0,0,0.929,2.606,0.87
529,1.106,0.369,0.87,0,0,0.929,2.791,0.932
530,0.836,0.279,0.898,0,0,0.929,2.275,0.759
531,0.524,0.175,0.913,0,0,0.929,2.598,0.867
532,0.748,0.25,0.9,0,0,0.929,2.646,0.883
533,0,0,0.929,0,0,0.929,2.667,0.89
534,0.781,0.261,0.895,0,0,0.929,2.552,0.852
535,1.343,0.448,0.856,0,0,0.929,2.699,0.901
536,1.28,0.427,0.863,0,0,0.929,2.152,0.718
537,0.858,0.286,0.892,0,0,0.929,1.931,0.645
538,1.57,0.524,0.828,0,0,0.929,2.326,0.776
539,1.592,0.532,0.827,0,0,0.929,2.037,0.68
540,0.61,0.204,0.908,0,0,0.929,2.618,0.874
541,1.97,0.658,0.755,0.098,0.033,0.927,2.599,0.868
542,0.55,0.183,0.914,0,0,0.929,2.612,0.872
543,0.672,0.224,0.902,0.098,0.033,0.927,2.525,0.843
544,0.102,0.034,0.927,0,0,0.929,2.756,0.92
545,0.33,0.11,0.921,0,0,0.929,2.435,0.813
546,0.528,0.176,0.914,0,0,0.929,2.704,0.902
547,0.01,0.003,0.928,0,0,0.929,2.669,0.891
548,0.01,0.003,0.928,0,0,0.929,2.666,0.89
549,0,0,0.929,0,0,0.929,2.702,0.902
550,0.018,0.006,0.928,0,0,0.929,2.654,0.886
551,0.01,0.003,0.928,0,0,0.929,2.5,0.835
552,0,0,0.929,0,0,0.929,2.657,0.887
553,0.018,0.006,0.928,0,0,0.929,2.534,0.846
554,0.018,0.006,0.928,0,0,0.929,2.652,0.885
555,0,0,0.929,0,0,0.929,2.665,0.89
556,0.691,0.231,0.895,0,0,0.929,2.62,0.875
557,0.01,0.003,0.928,0,0,0.929,2.635,0.88
558,0.686,0.229,0.897,0,0,0.929,2.694,0.899
559,0,0,0.929,0,0,0.929,2.65,0.884
560,0.282,0.094,0.923,0,0,0.929,2.623,0.876
561,0.445,0.148,0.916,0,0,0.929,2.699,0.901
562,0.07,0.023,0.928,0,0,0.929,2.667,0.89
563,0.602,0.201,0.91,0,0,0.929,2.75,0.918
564,1.809,0.604,0.797,0.098,0.033,0.927,2.736,0.913
565,0,0,0.929,0,0,0.929,2.593,0.866
566,1.992,0.665,0.762,1.016,0.339,0.884,2.057,0.687
567,1.345,0.449,0.857,0.62,0.207,0.91,2.443,0.816
568,1.352,0.451,0.858,0,0,0.929,2.306,0.77
569,1.013,0.338,0.881,0.826,0.276,0.893,1.728,0.577
570,0.01,0.003,0.928,0,0,0.929,2.493,0.832
571,0.719,0.24,0.905,0,0,0.929,2.713,0.906
572,0.746,0.249,0.902,0,0,0.929,2.664,0.889
573,1.352,0.451,0.859,0,0,0.929,2.839,0.948
574,1.886,0.629,0.784,0.098,0.033,0.927,2.445,0.816
575,1.815,0.606,0.796,0.168,0.056,0.926,2.813,0.939
576,0.726,0.242,0.9,0.367,0.122,0.92,2.626,0.877
577,1.167,0.39,0.867,0.767,0.256,0.896,2.892,0.965
578,1.474,0.492,0.84,0.196,0.065,0.924,2.744,0.916
579,1.42,0.474,0.847,0.279,0.093,0.923,2.848,0.951
580,0.562,0.188,0.912,0,0,0.929,2.746,0.917
581,1.32,0.441,0.853,0,0,0.929,2.603,0.869
582,1.75,0.584,0.807,0,0,0.929,2.66,0.888
583,0.656,0.219,0.908,0,0,0.929,2.765,0.923
584,0,0,0.929,0,0,0.929,2.513,0.839
585,0.215,0.072,0.922,0,0,0.929,2.733,0.912
586,0.239,0.08,0.924,0,0,0.929,2.598,0.867
587,0.01,0.003,0.928,0,0,0.929,2.614,0.872
588,1.435,0.479,0.847,0.527,0.176,0.913,2.872,0.959
589,1.7,0.567,0.799,0,0,0.929,2.764,0.923
590,0.636,0.212,0.91,0.325,0.109,0.921,2.709,0.904
591,0.263,0.088,0.921,0,0,0.929,2.78,0.928
592,0.195,0.065,0.924,0,0,0.929,2.737,0.913
593,1.424,0.475,0.849,0.098,0.033,0.927,2.401,0.801
594,0,0,0.929,0,0,0.929,2.433,0.812
595,0.429,0.143,0.918,0,0,0.929,2.296,0.767
596,0.938,0.313,0.891,0,0,0.929,2.611,0.871
597,1.447,0.483,0.847,0,0,0.929,2.674,0.892
598,0.641,0.214,0.904,0,0,0.929,2.751,0.918
599,0,0,0.929,0,0,0.929,2.683,0.896
600,0.201,0.067,0.924,0,0,0.929,2.693,0.899
601,0.01,0.003,0.928,0,0,0.929,2.888,0.964
602,0,0,0.929,0,0,0.929,2.837,0.947
603,0,0,0.929,0,0,0.929,2.68,0.894
604,0.716,0.239,0.897,0,0,0.929,2.769,0.924
605,0.01,0.003,0.928,0,0,0.929,2.692,0.899
606,0,0,0.929,0,0,0.929,2.734,0.913
607,0,0,0.929,0,0,0.929,2.924,0.976
608,0,0,0.929,0,0,0.929,2.895,0.966
609,0,0,0.929,0,0,0.929,2.744,0.916
610,0.03,0.01,0.928,0,0,0.929,2.786,0.93
611,0,0,0.929,0,0,0.929,2.904,0.969
612,0.08,0.027,0.927,0,0,0.929,2.944,0.983
613,1.083,0.362,0.882,0,0,0.929,2.506,0.836
614,0,0,0.929,0,0,0.929,2.864,0.956
615,0.854,0.285,0.897,0.265,0.089,0.923,2.921,0.975
616,0,0,0.929,0,0,0.929,2.694,0.899
617,0.088,0.029,0.927,0,0,0.929,2.316,0.773
618,0.743,0.248,0.904,0,0,0.929,2.076,0.693
619,0,0,0.929,0,0,0.929,2.64,0.881
620,0.01,0.003,0.928,0,0,0.929,2.716,0.906
621,0,0,0.929,0,0,0.929,2.725,0.91
622,0.15,0.05,0.926,0,0,0.929,2.791,0.932
623,0.01,0.003,0.928,0,0,0.929,2.513,0.839
624,1.461,0.488,0.844,0.098,0.033,0.927,2.741,0.915
625,0,0,0.929,0,0,0.929,2.457,0.82
626,0.896,0.299,0.894,0,0,0.929,2.76,0.921
627,0,0,0.929,0,0,0.929,2.544,0.849
628,0.979,0.327,0.89,0,0,0.929,2.713,0.906
629,0,0,0.929,0,0,0.929,2.712,0.905
630,0.213,0.071,0.925,0,0,0.929,2.715,0.906
631,0,0,0.929,0,0,0.929,2.625,0.876
632,0.018,0.006,0.928,0,0,0.929,2.685,0.896
633,0.751,0.251,0.894,0,0,0.929,2.706,0.903
634,0.809,0.27,0.894,0.777,0.259,0.891,2.537,0.847
635,0,0,0.929,0,0,0.929,2.542,0.848
636,0,0,0.929,0,0,0.929,2.549,0.851
637,0,0,0.929,0,0,0.929,2.492,0.832
638,0.639,0.213,0.909,0.653,0.218,0.903,2.627,0.877
639,1.203,0.402,0.865,0,0,0.929,2.568,0.857
640,0,0,0.929,0,0,0.929,2.641,0.882
641,0.552,0.184,0.911,0,0,0.929,2.663,0.889
642,0,0,0.929,0,0,0.929,2.701,0.901
643,0,0,0.929,0,0,0.929,2.649,0.884
644,0.075,0.025,0.928,0,0,0.929,2.734,0.913
645,1.107,0.37,0.877,0,0,0.929,2.619,0.874
646,1.424,0.475,0.841,0,0,0.929,2.727,0.91
647,2.029,0.677,0.754,0,0,0.929,2.595,0.866
648,1.628,0.543,0.827,0,0,0.929,2.714,0.906
649,0.01,0.003,0.928,0,0,0.929,2.568,0.857
650,2.048,0.684,0.735,0.325,0.109,0.921,2.788,0.931
651,1.354,0.452,0.859,0,0,0.929,2.59,0.865
652,2.316,0.773,0.683,0.098,0.033,0.927,2.738,0.914
653,1.867,0.623,0.789,0,0,0.929,2.765,0.923
654,2.081,0.695,0.744,0.324,0.108,0.921,2.71,0.905
655,1.989,0.664,0.763,0.653,0.218,0.903,2.837,0.947
656,1.569,0.524,0.833,0,0,0.929,2.727,0.91
657,0.734,0.245,0.892,0,0,0.929,2.571,0.858
658,1.575,0.526,0.828,0,0,0.929,2.627,0.877
659,1.877,0.627,0.787,0,0,0.929,2.648,0.884
660,0,0,0.929,0,0,0.929,2.394,0.799
661,1.786,0.596,0.804,0,0,0.929,2.779,0.928
662,0.32,0.107,0.922,0.833,0.278,0.889,2.606,0.87
663,0.977,0.326,0.885,0,0,0.929,2.63,0.878
664,1.141,0.381,0.877,0.279,0.093,0.923,2.495,0.833
665,0.335,0.112,0.921,0,0,0.929,2.653,0.885
666,1.107,0.37,0.88,0,0,0.929,2.624,0.876
667,1.051,0.351,0.88,0,0,0.929,2.666,0.89
668,0.685,0.229,0.897,0.68,0.227,0.899,2.648,0.884
669,0,0,0.929,0,0,0.929,2.644,0.883
670,0.582,0.194,0.912,0,0,0.929,2.532,0.845
671,0,0,0.929,0,0,0.929,2.589,0.864
672,0.01,0.003,0.928,0,0,0.929,2.706,0.903
673,0,0,0.929,0,0,0.929,2.491,0.832
674,1.043,0.348,0.88,0,0,0.929,2.604,0.869
675,0.02,0.007,0.928,0.098,0.033,0.927,2.628,0.877
676,0.984,0.329,0.887,0,0,0.929,2.601,0.868
677,0,0,0.929,0,0,0.929,2.64,0.881
678,0,0,0.929,0,0,0.929,2.569,0.857
679,0,0,0.929,0,0,0.929,2.516,0.84
680,1.583,0.528,0.815,1.066,0.356,0.881,2.68,0.895
681,0,0,0.929,0,0,0.929,2.697,0.9
682,0.379,0.126,0.92,0,0,0.929,2.609,0.871
683,0.01,0.003,0.928,0,0,0.929,2.579,0.861
684,1.326,0.443,0.847,0,0,0.929,2.626,0.877
685,0,0,0.929,0,0,0.929,2.59,0.865
686,1.192,0.398,0.868,0,0,0.929,2.655,0.886
687,0,0,0.929,0,0,0.929,2.657,0.887
688,0.486,0.162,0.912,0,0,0.929,2.685,0.896
689,0.02,0.007,0.928,0,0,0.929,2.68,0.894
690,0.026,0.009,0.928,0,0,0.929,2.724,0.909
691,0,0,0.929,0,0,0.929,2.536,0.846
692,0.036,0.012,0.928,0,0,0.929,2.638,0.88
693,2.096,0.7,0.735,0.098,0.033,0.927,2.687,0.897
694,0.1,0.033,0.926,0,0,0.929,2.677,0.894
695,1.715,0.573,0.813,0,0,0.929,2.769,0.924
696,1.526,0.509,0.839,0,0,0.929,2.521,0.841
697,0.785,0.262,0.896,0,0,0.929,2.638,0.881
698,0.17,0.057,0.923,0,0,0.929,2.643,0.882
699,2.06,0.688,0.75,0.098,0.033,0.927,2.583,0.862
700,1.789,0.597,0.803,0.362,0.121,0.919,2.729,0.911
701,1.66,0.554,0.818,0.098,0.033,0.927,2.796,0.933
702,1.122,0.374,0.877,0,0,0.929,2.764,0.923
703,0.132,0.044,0.925,0,0,0.929,2.658,0.887
704,1.555,0.519,0.826,0,0,0.929,2.719,0.908
705,0.363,0.121,0.92,0,0,0.929,2.658,0.887
706,1.097,0.366,0.882,0.325,0.109,0.921,2.63,0.878
707,0.481,0.16,0.915,0,0,0.929,2.657,0.887
708,0.038,0.013,0.928,0,0,0.929,2.737,0.914
709,0.01,0.003,0.928,0,0,0.929,2.47,0.825
710,0,0,0.929,0,0,0.929,2.441,0.815
711,0.553,0.185,0.913,0.168,0.056,0.926,2.638,0.88
712,0,0,0.929,0,0,0.929,2.693,0.899
713,0.018,0.006,0.928,0,0,0.929,2.631,0.878
714,0.578,0.193,0.91,0,0,0.929,2.641,0.882
715,0,0,0.929,0,0,0.929,2.719,0.908
716,0,0,0.929,0,0,0.929,2.737,0.914
717,0,0,0.929,0,0,0.929,2.74,0.915
718,0,0,0.929,0,0,0.929,2.807,0.937
719,0.199,0.067,0.924,0,0,0.929,2.758,0.921
720,0.737,0.246,0.893,0.098,0.033,0.927,2.657,0.887
721,0,0,0.929,0,0,0.929,2.729,0.911
722,2.017,0.673,0.757,0,0,0.929,2.616,0.873
723,1.215,0.406,0.867,0,0,0.929,2.807,0.937
724,1.167,0.39,0.872,0,0,0.929,2.733,0.912
725,1.497,0.5,0.839,0,0,0.929,2.708,0.904
726,0.776,0.259,0.9,0,0,0.929,2.696,0.9
727,0.484,0.162,0.915,0,0,0.929,2.558,0.854
728,1.557,0.52,0.834,0,0,0.929,2.741,0.915
729,0,0,0.929,0,0,0.929,2.683,0.896
730,0,0,0.929,0,0,0.929,2.637,0.88
731,0.269,0.09,0.923,0,0,0.929,2.552,0.852
732,0.01,0.003,0.928,0,0,0.929,2.593,0.866
733,0,0,0.929,0,0,0.929,2.536,0.846
734,0.01,0.003,0.928,0,0,0.929,2.62,0.875
735,0.01,0.003,0.928,0,0,0.929,2.355,0.786
736,0.01,0.003,0.928,0,0,0.929,2.641,0.882
737,0.796,0.266,0.896,0,0,0.929,2.452,0.819
738,0,0,0.929,0,0,0.929,2.636,0.88
739,0,0,0.929,0,0,0.929,2.664,0.889
740,0.084,0.028,0.927,0.168,0.056,0.926,2.557,0.854
741,0,0,0.929,0,0,0.929,2.562,0.855
742,0.01,0.003,0.928,0.098,0.033,0.927,2.438,0.814
743,0.54,0.18,0.914,0,0,0.929,2.481,0.828
744,0.036,0.012,0.928,0,0,0.929,2.408,0.804
745,0.036,0.012,0.928,0,0,0.929,2.553,0.852
746,0.584,0.195,0.91,0.098,0.033,0.927,2.611,0.872
747,0,0,0.929,0,0,0.929,2.474,0.826
748,0.367,0.123,0.92,0,0,0.929,2.458,0.82
749,0.033,0.011,0.928,0,0,0.929,2.64,0.881
750,0.166,0.055,0.926,0.098,0.033,0.927,2.654,0.886
751,0,0,0.929,0,0,0.929,2.63,0.878
752,0.052,0.017,0.928,0,0,0.929,2.652,0.885
753,1.073,0.358,0.881,0,0,0.929,2.671,0.891
754,0.17,0.057,0.926,0,0,0.929,2.759,0.921
755,0.611,0.204,0.907,0.098,0.033,0.927,2.617,0.874
756,0,0,0.929,0,0,0.929,2.74,0.915
757,0.081,0.027,0.927,0,0,0.929,2.699,0.901
758,0,0,0.929,0,0,0.929,2.697,0.9
759,0,0,0.929,0,0,0.929,2.756,0.92
760,0.63,0.21,0.91,0,0,0.929,2.827,0.944
761,1.206,0.403,0.873,0,0,0.929,2.782,0.929
762,0,0,0.929,0,0,0.929,2.635,0.88
763,0,0,0.929,0,0,0.929,2.646,0.883
764,0,0,0.929,0,0,0.929,2.604,0.869
765,0,0,0.929,0,0,0.929,2.827,0.944
766,0,0,0.929,0,0,0.929,2.819,0.941
767,0.492,0.164,0.916,0,0,0.929,2.77,0.925
768,1.315,0.439,0.86,0.279,0.093,0.923,2.764,0.923
769,0.026,0.009,0.928,0,0,0.929,2.618,0.874
770,1.374,0.459,0.856,0.653,0.218,0.903,2.628,0.877
771,1.082,0.361,0.881,0,0,0.929,2.743,0.916
772,1.895,0.633,0.767,0.885,0.295,0.893,2.581,0.861
773,0,0,0.929,0,0,0.929,2.731,0.912
774,1.323,0.442,0.858,0.098,0.033,0.927,2.706,0.903
775,0,0,0.929,0,0,0.929,2.629,0.878
776,0.018,0.006,0.928,0,0,0.929,2.674,0.893
777,1.14,0.381,0.873,0.098,0.033,0.927,2.606,0.87
778,0.673,0.225,0.908,0,0,0.929,2.634,0.879
779,0.563,0.188,0.912,0,0,0.929,2.702,0.902
780,0,0,0.929,0,0,0.929,2.546,0.85
781,0.01,0.003,0.928,0,0,0.929,2.632,0.878
782,0.886,0.296,0.889,0,0,0.929,2.665,0.89
783,0.266,0.089,0.923,0,0,0.929,2.532,0.845
784,0,0,0.929,0,0,0.929,2.653,0.885
785,1.497,0.5,0.829,0,0,0.929,2.657,0.887
786,0.585,0.195,0.91,0,0,0.929,2.587,0.864
787,0.391,0.13,0.919,0,0,0.929,2.626,0.876
788,1.604,0.536,0.812,0.098,0.033,0.927,2.632,0.879
789,0,0,0.929,0,0,0.929,2.565,0.856
790,0.026,0.009,0.928,0,0,0.929,2.639,0.881
791,0.01,0.003,0.928,0,0,0.929,2.719,0.908
792,0.274,0.092,0.923,0,0,0.929,2.734,0.912
793,1.704,0.569,0.813,0.717,0.239,0.903,2.764,0.922
794,2.023,0.675,0.757,0,0,0.929,2.592,0.865
795,1.092,0.364,0.881,0,0,0.929,2.774,0.926
796,1.292,0.431,0.854,0.098,0.033,0.927,2.706,0.903
797,1.834,0.612,0.79,0,0,0.929,2.777,0.927
798,1.399,0.467,0.834,0,0,0.929,2.707,0.904
799,1.434,0.479,0.848,0,0,0.929,2.48,0.828
800,1.488,0.497,0.84,0,0,0.929,2.824,0.943
801,0.02,0.007,0.928,0,0,0.929,2.575,0.86
802,1.064,0.355,0.881,0,0,0.929,2.712,0.905
803,1.008,0.336,0.885,0,0,0.929,2.492,0.832
804,0,0,0.929,0,0,0.929,2.609,0.871
805,0.858,0.286,0.894,0,0,0.929,2.075,0.693
806,0,0,0.929,0,0,0.929,2.419,0.808
807,0.154,0.051,0.926,0,0,0.929,2.44,0.815
808,0,0,0.929,0,0,0.929,2.566,0.857
809,0.046,0.015,0.928,0,0,0.929,2.651,0.885
810,0,0,0.929,0,0,0.929,2.452,0.818
811,0,0,0.929,0,0,0.929,2.456,0.82
812,0.706,0.236,0.906,0,0,0.929,2.45,0.818
813,0.695,0.232,0.905,0.098,0.033,0.927,2.69,0.898
814,0.618,0.206,0.911,0,0,0.929,2.615,0.873
815,0.206,0.069,0.925,0,0,0.929,2.29,0.764
816,0.359,0.12,0.92,0,0,0.929,2.708,0.904
817,0.01,0.003,0.928,0,0,0.929,2.391,0.798
818,0,0,0.929,0,0,0.929,2.394,0.799
819,0.294,0.098,0.922,0,0,0.929,2.48,0.828
820,0,0,0.929,0,0,0.929,2.492,0.832
821,0,0,0.929,0,0,0.929,2.41,0.805
822,0.01,0.003,0.928,0,0,0.929,2.476,0.827
823,0.242,0.081,0.923,0.098,0.033,0.927,2.472,0.825
824,1.253,0.418,0.869,0,0,0.929,1.352,0.451
825,0,0,0.929,0,0,0.929,2.525,0.843
826,1.966,0.656,0.757,0,0,0.929,1.785,0.596
827,1.368,0.457,0.858,0,0,0.929,1.524,0.509
828,1.123,0.375,0.88,0,0,0.929,2.158,0.721
829,2.194,0.732,0.72,0,0,0.929,2.483,0.829
830,0.945,0.315,0.89,0.098,0.033,0.927,2.474,0.826
831,0.125,0.042,0.925,0,0,0.929,2.456,0.82
832,0.572,0.191,0.911,0,0,0.929,2.157,0.72
833,0.076,0.025,0.927,0.098,0.033,0.927,1.781,0.594
834,2.052,0.685,0.754,0.196,0.065,0.924,2.693,0.899
835,1.083,0.362,0.882,0,0,0.929,2.24,0.748
836,1.533,0.512,0.83,0.42,0.14,0.917,1.49,0.497
837,1.596,0.533,0.827,0,0,0.929,2.407,0.804
838,0.69,0.23,0.907,0,0,0.929,2.173,0.726
839,0.07,0.023,0.928,0,0,0.929,2.182,0.728
840,1.305,0.436,0.853,0,0,0.929,2.568,0.857
841,1.808,0.604,0.799,0,0,0.929,2.01,0.671
842,0,0,0.929,0,0,0.929,2.016,0.673
843,2.149,0.718,0.733,0,0,0.929,2.741,0.915
844,1.645,0.549,0.823,0,0,0.929,2.661,0.888
845,0.562,0.188,0.913,0.098,0.033,0.927,2.3,0.768
846,1.087,0.363,0.881,0.098,0.033,0.927,2.593,0.866
847,1.936,0.646,0.771,0.761,0.254,0.897,2.653,0.886
848,1.338,0.447,0.855,0,0,0.929,2.153,0.719
849,2.227,0.744,0.709,0.265,0.089,0.923,2.629,0.877
850,0.803,0.268,0.898,0,0,0.929,2.084,0.696
851,1.395,0.466,0.853,0,0,0.929,2.514,0.839
852,0.01,0.003,0.928,0,0,0.929,0.721,0.241
853,1.056,0.352,0.879,0,0,0.929,2.967,0.99
854,0.775,0.259,0.893,0,0,0.929,2.972,0.992
855,0.038,0.013,0.928,0,0,0.929,2.975,0.993
856,0.328,0.11,0.921,0,0,0.929,2.98,0.995
857,0,0,0.929,0,0,0.929,2.962,0.989
858,0.22,0.073,0.924,0,0,0.929,2.983,0.996
859,0.046,0.015,0.928,0,0,0.929,2.97,0.991
860,0.07,0.023,0.928,0,0,0.929,2.951,0.985
861,0.866,0.289,0.897,0.901,0.301,0.893,2.594,0.866
862,0.092,0.031,0.927,0,0,0.929,2.925,0.977
863,0.317,0.106,0.922,0,0,0.929,2.784,0.929
864,0.096,0.032,0.927,0,0,0.929,2.767,0.924
865,0.092,0.031,0.927,0.098,0.033,0.927,2.779,0.928
866,0,0,0.929,0,0,0.929,1.401,0.468
867,0.231,0.077,0.924,0,0,0.929,2.784,0.929
868,0.822,0.274,0.898,0.196,0.065,0.924,2.091,0.698
869,0.419,0.14,0.918,0,0,0.929,2.814,0.939
870,0,0,0.929,0,0,0.929,2.207,0.737
871,0,0,0.929,0,0,0.929,2.544,0.849
872,0,0,0.929,0,0,0.929,0.896,0.299
873,0,0,0.929,0,0,0.929,2.805,0.936
874,0,0,0.929,0,0,0.929,2.332,0.778
875,0.056,0.019,0.927,0,0,0.929,2.977,0.994
876,1.074,0.359,0.872,1.448,0.483,0.84,2.977,0.994
877,2.087,0.697,0.743,0.687,0.229,0.907,2.978,0.994
878,0,0,0.929,0,0,0.929,2.687,0.897
879,0,0,0.929,0,0,0.929,2.895,0.967
880,0.413,0.138,0.915,0.325,0.109,0.921,2.979,0.994
881,0.497,0.166,0.91,0.44,0.147,0.917,2.927,0.977
882,0.099,0.033,0.927,0,0,0.929,2.941,0.982
883,0.172,0.057,0.926,0,0,0.929,2.461,0.822
884,0,0,0.929,0,0,0.929,2.73,0.911
885,0.074,0.025,0.928,0,0,0.929,2.929,0.978
886,0.311,0.104,0.92,0.489,0.163,0.916,2.848,0.951
887,0.03,0.01,0.928,0,0,0.929,2.974,0.993
888,0.184,0.061,0.924,0.098,0.033,0.927,2.978,0.994
889,0,0,0.929,0,0,0.929,2.055,0.686
890,0,0,0.929,0,0,0.929,1.26,0.42
891,0.162,0.054,0.926,0,0,0.929,1.982,0.662
892,0.026,0.009,0.928,0,0,0.929,2.463,0.822
893,0.176,0.059,0.926,0.527,0.176,0.913,2.159,0.721
894,0.095,0.032,0.927,0,0,0.929,2.808,0.937
895,0.087,0.029,0.927,0,0,0.929,2.669,0.891
896,0.028,0.009,0.928,0,0,0.929,2.941,0.982
897,0.136,0.046,0.925,0.098,0.033,0.927,2.971,0.992
898,0.075,0.025,0.927,0.098,0.033,0.927,2.948,0.984
899,0.278,0.093,0.922,0,0,0.929,2.771,0.925
900,0,0,0.929,0,0,0.929,2.911,0.972
901,0.082,0.027,0.927,0,0,0.929,2.96,0.988
902,0.01,0.003,0.928,0,0,0.929,2.902,0.969
903,0.881,0.294,0.896,0.64,0.214,0.909,2.964,0.989
904,0.051,0.017,0.928,0,0,0.929,2.609,0.871
905,0.026,0.009,0.928,0.098,0.033,0.927,2.02,0.674
906,0.02,0.007,0.928,0,0,0.929,2.828,0.944
907,0,0,0.929,0,0,0.929,1.113,0.371
908,0.858,0.286,0.895,0.742,0.248,0.9,2.975,0.993
909,0,0,0.929,0,0,0.929,1.426,0.476
910,0.908,0.303,0.886,0.1,0.033,0.927,2.971,0.992
911,0.721,0.241,0.905,0.526,0.176,0.91,2.903,0.969
912,0,0,0.929,0,0,0.929,1.481,0.494
913,0.124,0.042,0.926,0,0,0.929,2.877,0.96
914,0,0,0.929,0,0,0.929,2.114,0.706
915,0.319,0.107,0.922,0.279,0.093,0.923,2.89,0.965
916,0.018,0.006,0.928,0,0,0.929,2.622,0.875
917,0.847,0.283,0.897,0.324,0.108,0.921,2.968,0.991
918,0.01,0.003,0.928,0,0,0.929,2.607,0.87
919,0.663,0.221,0.906,0.471,0.157,0.916,2.902,0.969
920,0.371,0.124,0.917,0.168,0.056,0.926,2.927,0.977
921,0.29,0.097,0.923,0.098,0.033,0.927,2.927,0.977
922,0.046,0.015,0.928,0,0,0.929,2.954,0.986
923,0.121,0.04,0.927,0.673,0.225,0.9,2.864,0.956
924,0.103,0.034,0.926,0,0,0.929,2.963,0.989
925,0.286,0.096,0.923,0.644,0.215,0.909,2.591,0.865
926,1.327,0.443,0.854,0.779,0.26,0.903,2.964,0.989
927,0.03,0.01,0.928,0,0,0.929,2.6,0.868
928,0.048,0.016,0.928,0,0,0.929,2.974,0.993
929,0.01,0.003,0.928,0,0,0.929,2.957,0.987
930,0,0,0.929,0,0,0.929,2.957,0.987
931,0.058,0.019,0.928,0,0,0.929,2.953,0.986
932,0.227,0.076,0.923,0.265,0.089,0.923,2.97,0.991
933,0.079,0.026,0.927,0,0,0.929,2.857,0.954
934,0.096,0.032,0.927,0,0,0.929,2.975,0.993
935,0.036,0.012,0.928,0,0,0.929,2.406,0.803
936,0.01,0.003,0.928,0,0,0.929,2.932,0.979
937,0.195,0.065,0.924,0.324,0.108,0.921,2.966,0.99
938,0.252,0.084,0.924,0.168,0.056,0.926,2.117,0.707
939,0.122,0.041,0.926,0,0,0.929,2.973,0.992
940,0.086,0.029,0.927,0.168,0.056,0.926,2.539,0.847
941,0.01,0.003,0.928,0,0,0.929,1.667,0.557
942,0,0,0.929,0,0,0.929,2.974,0.993
943,0.471,0.157,0.917,0.375,0.125,0.92,2.962,0.989
944,0.262,0.088,0.923,0,0,0.929,2.415,0.806
945,0.171,0.057,0.925,0,0,0.929,2.968,0.991
946,0,0,0.929,0,0,0.929,1.734,0.579
947,0.224,0.075,0.924,0.098,0.033,0.927,2.957,0.987
948,0.038,0.013,0.928,0,0,0.929,2.876,0.96
949,0,0,0.929,0,0,0.929,2.22,0.741
950,0.01,0.003,0.928,0,0,0.929,2.733,0.912
951,0.01,0.003,0.928,0,0,0.929,2.928,0.978
952,0.03,0.01,0.928,0,0,0.929,1.965,0.656
953,0.718,0.24,0.904,0.673,0.225,0.9,2.966,0.99
954,0,0,0.929,0,0,0.929,1.921,0.641
955,0.227,0.076,0.921,0.755,0.252,0.901,2.947,0.984
956,0.146,0.049,0.926,0,0,0.929,2.261,0.755
957,0.119,0.04,0.926,0,0,0.929,2.925,0.976
958,0.02,0.007,0.928,0.098,0.033,0.927,2.951,0.985
959,0.018,0.006,0.928,0,0,0.929,1.501,0.501
960,0,0,0.929,0,0,0.929,1.831,0.611
961,0.01,0.003,0.928,0,0,0.929,1.364,0.455
962,0,0,0.929,0,0,0.929,1.692,0.565
963,0,0,0.929,0,0,0.929,2.778,0.927
964,0.064,0.021,0.928,0,0,0.929,2.974,0.993
965,0,0,0.929,0,0,0.929,2.177,0.727
966,0.01,0.003,0.928,0,0,0.929,2.863,0.956
967,0,0,0.929,0,0,0.929,1.434,0.479
968,0.331,0.111,0.919,0.392,0.131,0.919,2.958,0.987
969,0.01,0.003,0.928,0,0,0.929,1.487,0.496
970,0,0,0.929,0,0,0.929,1.391,0.464
971,0.114,0.038,0.927,0,0,0.929,2.486,0.83
972,0.33,0.11,0.921,0.168,0.056,0.926,2.396,0.8
973,0,0,0.929,0,0,0.929,1.411,0.471
974,0.785,0.262,0.89,0.693,0.231,0.893,2.354,0.786
975,0.056,0.019,0.928,0,0,0.929,2.104,0.702
976,0.033,0.011,0.928,0,0,0.929,1.896,0.633
977,0.168,0.056,0.926,0,0,0.929,2.34,0.781
978,0,0,0.929,0,0,0.929,1.723,0.575
979,0,0,0.929,0,0,0.929,2.696,0.9
980,0.361,0.12,0.92,0.772,0.258,0.894,2.982,0.995
981,0,0,0.929,0,0,0.929,2.936,0.98
982,0.533,0.178,0.914,0.325,0.109,0.921,2.927,0.977
983,0,0,0.929,0,0,0.929,2.109,0.704
984,0.02,0.007,0.928,0,0,0.929,1.537,0.513
985,0,0,0.929,0,0,0.929,2.306,0.77
986,0.026,0.009,0.928,0.098,0.033,0.927,2.371,0.792
987,0,0,0.929,0,0,0.929,2.744,0.916
988,0.445,0.149,0.917,0.6,0.2,0.911,2.3,0.768
989,0,0,0.929,0,0,0.929,1.799,0.6
990,0,0,0.929,0,0,0.929,2.438,0.814
991,0.01,0.003,0.928,0,0,0.929,2.746,0.916
992,0.036,0.012,0.928,0,0,0.929,2.898,0.967
993,0,0,0.929,0,0,0.929,2.669,0.891
994,0.02,0.007,0.928,0,0,0.929,2.216,0.74
995,0.02,0.007,0.928,0,0,0.929,2.675,0.893
996,0.026,0.009,0.928,0,0,0.929,2.926,0.977
997,0.07,0.023,0.928,0,0,0.929,2.823,0.943
998,0.036,0.012,0.928,0.098,0.033,0.927,2.208,0.737
999,0.028,0.009,0.928,0,0,0.929,2.715,0.906
1000,0.018,0.006,0.928,0,0,0.929,2.876,0.96
1001,0,0,0.929,0,0,0.929,1.435,0.479
1002,0,0,0.929,0,0,0.929,2.03,0.678
1003,0.058,0.019,0.928,0,0,0.929,2.09,0.698
1004,0.653,0.218,0.908,0.227,0.076,0.924,2.439,0.814
1005,0.428,0.143,0.915,0.293,0.098,0.92,2.55,0.851
1006,0,0,0.929,0,0,0.929,1.752,0.585
1007,0.018,0.006,0.928,0,0,0.929,2.153,0.719
1008,0,0,0.929,0,0,0.929,2.823,0.942
1009,0.01,0.003,0.928,0,0,0.929,2.898,0.967
1010,0.01,0.003,0.928,0.098,0.033,0.927,1.582,0.528
1011,0.01,0.003,0.928,0,0,0.929,1.334,0.445
1012,0.107,0.036,0.927,0.098,0.033,0.927,2.868,0.957
1013,0,0,0.929,0,0,0.929,1.895,0.633
1014,0.01,0.003,0.928,0.098,0.033,0.927,1.471,0.491
1015,0.01,0.003,0.928,0,0,0.929,1.503,0.502
1016,0.366,0.122,0.92,0.168,0.056,0.926,2.749,0.918
1017,0,0,0.929,0,0,0.929,1.537,0.513
1018,0,0,0.929,0,0,0.929,1.412,0.471
1019,0.01,0.003,0.928,0,0,0.929,2.074,0.692
1020,0.204,0.068,0.925,0.098,0.033,0.927,2.829,0.944
1021,0.107,0.036,0.927,0.098,0.033,0.927,2.579,0.861
1022,0.07,0.023,0.928,0.098,0.033,0.927,1.842,0.615
1023,0.162,0.054,0.925,0,0,0.929,2.778,0.927
1024,0.052,0.017,0.928,0,0,0.929,2.821,0.942
1025,0.01,0.003,0.928,0,0,0.929,2.226,0.743
1026,0.11,0.037,0.927,0.098,0.033,0.927,2.318,0.774
1027,0.456,0.152,0.913,0.196,0.065,0.924,2.873,0.959
1028,0.331,0.11,0.921,0,0,0.929,2.871,0.958
1029,0.01,0.003,0.928,0,0,0.929,2.011,0.671
1030,0.026,0.009,0.928,0,0,0.929,2.296,0.766
1031,0.164,0.055,0.926,0.098,0.033,0.927,2.758,0.921
1032,0.378,0.126,0.92,0.686,0.229,0.897,2.87,0.958
1033,0,0,0.929,0,0,0.929,1.954,0.652
1034,0.812,0.271,0.899,0.708,0.236,0.906,2.74,0.915
1035,0,0,0.929,0,0,0.929,2.343,0.782
1036,0.086,0.029,0.927,0.168,0.056,0.926,2.601,0.868
1037,0,0,0.929,0,0,0.929,2.497,0.834
1038,0.02,0.007,0.928,0,0,0.929,2.632,0.879
1039,0.115,0.038,0.927,0.168,0.056,0.926,2.489,0.831
1040,0.01,0.003,0.928,0,0,0.929,2.183,0.729
1041,0,0,0.929,0,0,0.929,2.271,0.758
1042,0.01,0.003,0.928,0,0,0.929,2.157,0.72
1043,0.01,0.003,0.928,0,0,0.929,1.996,0.666
1044,0.01,0.003,0.928,0,0,0.929,2.108,0.704
1045,0.102,0.034,0.927,0,0,0.929,2.551,0.852
1046,0.116,0.039,0.926,0.098,0.033,0.927,2.657,0.887
1047,0.018,0.006,0.928,0,0,0.929,1.993,0.665
1048,0.184,0.061,0.925,0.62,0.207,0.91,2.208,0.737
1049,0.252,0.084,0.924,0.227,0.076,0.924,2.107,0.703
1050,0.01,0.003,0.928,0,0,0.929,1.992,0.665
1051,0.282,0.094,0.923,0.098,0.033,0.927,1.95,0.651
1052,0.01,0.003,0.928,0,0,0.929,1.835,0.613
1053,0.01,0.003,0.928,0,0,0.929,2.217,0.74
1054,0.018,0.006,0.928,0,0,0.929,1.953,0.652
1055,0.01,0.003,0.928,0,0,0.929,2.03,0.678
1056,0.058,0.019,0.928,0.098,0.033,0.927,1.908,0.637
1057,0.089,0.03,0.927,0,0,0.929,2.137,0.713
1058,0,0,0.929,0,0,0.929,2.328,0.777
1059,0.028,0.009,0.928,0,0,0.929,2.586,0.863
1060,0.026,0.009,0.928,0,0,0.929,2.403,0.802
1061,0.071,0.024,0.927,0,0,0.929,2.867,0.957
1062,0.214,0.071,0.925,0.098,0.033,0.927,2.633,0.879
1063,0,0,0.929,0,0,0.929,1.58,0.527
1064,0.171,0.057,0.925,0,0,0.929,2.788,0.931
1065,0.461,0.154,0.917,0.767,0.256,0.896,2.538,0.847
1066,0.01,0.003,0.928,0,0,0.929,2.257,0.754
1067,0.325,0.109,0.92,0.965,0.322,0.89,2.458,0.821
1068,0.123,0.041,0.926,0.405,0.135,0.919,2.436,0.813
1069,0,0,0.929,0,0,0.929,1.88,0.628
1070,0.03,0.01,0.928,0.098,0.033,0.927,2.301,0.768
1071,0,0,0.929,0,0,0.929,1.841,0.615
1072,0.03,0.01,0.928,0,0,0.929,2.073,0.692
1073,0.01,0.003,0.928,0,0,0.929,2.127,0.71
1074,0.275,0.092,0.923,0.168,0.056,0.926,2.127,0.71
1075,0,0,0.929,0,0,0.929,2.107,0.703
1076,0.01,0.003,0.928,0,0,0.929,1.993,0.665
1077,0.4,0.134,0.918,0.265,0.089,0.923,2.882,0.962
1078,0.607,0.203,0.911,0.62,0.207,0.91,2.78,0.928
1079,0.026,0.009,0.928,0,0,0.929,1.765,0.589
1080,0.02,0.007,0.928,0,0,0.929,1.351,0.451
1081,0.01,0.003,0.928,0,0,0.929,2.032,0.678
1082,0.114,0.038,0.925,0,0,0.929,2.554,0.853
1083,0.01,0.003,0.928,0,0,0.929,2.557,0.854
1084,0.038,0.013,0.928,0,0,0.929,2.046,0.683
1085,0.053,0.018,0.928,0,0,0.929,1.5,0.501
1086,0.691,0.231,0.904,1.182,0.394,0.869,2.867,0.957
1087,0.018,0.006,0.928,0,0,0.929,1.85,0.617
1088,0.216,0.072,0.924,0.098,0.033,0.927,2.207,0.737
1089,0.196,0.065,0.925,0.44,0.147,0.917,2.595,0.866
1090,0.01,0.003,0.928,0,0,0.929,2.838,0.947
1091,0.028,0.009,0.928,0,0,0.929,2.646,0.883
1092,0.07,0.023,0.928,0,0,0.929,2.556,0.853
1093,0.064,0.021,0.927,0.098,0.033,0.927,2.816,0.94
1094,0.215,0.072,0.925,0.168,0.056,0.926,2.66,0.888
1095,0.162,0.054,0.925,0.196,0.065,0.924,2.927,0.977
1096,0.269,0.09,0.921,0.168,0.056,0.926,2.825,0.943
1097,0.018,0.006,0.928,0,0,0.929,2.103,0.702
1098,0.076,0.025,0.927,0,0,0.929,2.837,0.947
1099,0.043,0.014,0.928,0.098,0.033,0.927,2.385,0.796
1100,0,0,0.929,0,0,0.929,1.48,0.494
1101,0.35,0.117,0.921,0.098,0.033,0.927,2.405,0.803
1102,0.346,0.116,0.921,0.098,0.033,0.927,2.796,0.933
1103,0.514,0.172,0.913,0.839,0.28,0.897,2.677,0.894
1104,0.01,0.003,0.928,0,0,0.929,1.642,0.548
1105,0.107,0.036,0.927,0,0,0.929,2.506,0.836
1106,0.01,0.003,0.928,0,0,0.929,1.519,0.507
1107,0.052,0.017,0.928,0,0,0.929,2.234,0.746
1108,0,0,0.929,0,0,0.929,1.836,0.613
1109,0.103,0.034,0.926,0,0,0.929,2.481,0.828
1110,0.018,0.006,0.928,0,0,0.929,2.22,0.741
1111,0.078,0.026,0.927,0.098,0.033,0.927,2.424,0.809
1112,0.038,0.013,0.928,0,0,0.929,2.15,0.718
1113,0.033,0.011,0.928,0,0,0.929,2.5,0.834
1114,0.01,0.003,0.928,0,0,0.929,2.175,0.726
1115,0.01,0.003,0.928,0,0,0.929,2.254,0.752
1116,0,0,0.929,0,0,0.929,1.613,0.538
1117,0,0,0.929,0,0,0.929,1.715,0.572
1118,0.064,0.021,0.928,0,0,0.929,2.32,0.774
1119,0.01,0.003,0.928,0,0,0.929,1.542,0.515
1120,0.02,0.007,0.928,0,0,0.929,1.78,0.594
1121,0.01,0.003,0.928,0,0,0.929,1.858,0.62
1122,0.122,0.041,0.927,0,0,0.929,2.26,0.755
1123,0.769,0.257,0.902,0.899,0.3,0.891,2.78,0.928
1124,0.01,0.003,0.928,0,0,0.929,1.406,0.469
1125,0,0,0.929,0,0,0.929,2.069,0.691
1126,0.01,0.003,0.928,0,0,0.929,2.872,0.959
1127,0.085,0.029,0.927,0.098,0.033,0.927,1.979,0.661
1128,0.028,0.009,0.928,0,0,0.929,1.67,0.557
1129,0.088,0.029,0.927,0.168,0.056,0.926,2.456,0.82
1130,0.265,0.089,0.923,0,0,0.929,2.737,0.914
1131,0.01,0.003,0.928,0,0,0.929,1.923,0.642
1132,0.04,0.013,0.928,0,0,0.929,2.236,0.746
1133,0.038,0.013,0.928,0,0,0.929,2.124,0.709
1134,0.724,0.242,0.901,0.265,0.089,0.923,2.868,0.957
1135,0.091,0.03,0.927,0.279,0.093,0.923,2.783,0.929
1136,0.145,0.048,0.926,0.168,0.056,0.926,2.157,0.72
1137,0.084,0.028,0.927,0,0,0.929,2.862,0.955
1138,0,0,0.929,0,0,0.929,2.761,0.922
1139,0.03,0.01,0.928,0,0,0.929,2.829,0.944
1140,0.046,0.015,0.928,0.196,0.065,0.924,2.567,0.857
1141,0.608,0.203,0.908,0.573,0.191,0.91,2.705,0.903
1142,0.018,0.006,0.928,0,0,0.929,2.861,0.955
1143,0.082,0.027,0.927,0.098,0.033,0.927,2.188,0.731
1144,0,0,0.929,0,0,0.929,2.725,0.91
1145,0.127,0.042,0.926,0,0,0.929,2.896,0.967
1146,0.01,0.003,0.928,0,0,0.929,1.785,0.596
1147,0.02,0.007,0.928,0,0,0.929,2.322,0.775
1148,0.893,0.298,0.896,0.702,0.234,0.904,2.895,0.966
1149,0.018,0.006,0.928,0,0,0.929,2.65,0.885
1150,0.03,0.01,0.928,0,0,0.929,2.075,0.693
1151,0.092,0.031,0.927,0.168,0.056,0.926,2.51,0.838
1152,0.01,0.003,0.928,0,0,0.929,2.491,0.831
1153,0.01,0.003,0.928,0,0,0.929,1.911,0.638
1154,0.018,0.006,0.928,0,0,0.929,2.557,0.854
1155,0.043,0.014,0.928,0.265,0.089,0.923,1.705,0.569
1156,0,0,0.929,0,0,0.929,2.034,0.679
1157,0,0,0.929,0,0,0.929,2.02,0.674
1158,0.15,0.05,0.926,0.098,0.033,0.927,2.41,0.804
1159,0,0,0.929,0,0,0.929,1.571,0.524
1160,0.13,0.043,0.927,0.098,0.033,0.927,1.99,0.664
1161,0.243,0.081,0.924,0,0,0.929,2.731,0.912
1162,0.038,0.013,0.928,0,0,0.929,2.542,0.849
1163,0.02,0.007,0.928,0,0,0.929,1.837,0.613
1164,0,0,0.929,0,0,0.929,2.266,0.756
1165,0,0,0.929,0,0,0.929,2.548,0.851
1166,0,0,0.929,0,0,0.929,1.709,0.57
1167,0,0,0.929,0,0,0.929,2.205,0.736
1168,0,0,0.929,0,0,0.929,1.746,0.583
1169,0,0,0.929,0,0,0.929,2.217,0.74
1170,0,0,0.929,0,0,0.929,1.557,0.52
1171,0.493,0.165,0.916,0.098,0.033,0.927,2.887,0.964
1172,0.028,0.009,0.928,0,0,0.929,2.412,0.805
1173,0,0,0.929,0,0,0.929,1.458,0.487
1174,0,0,0.929,0,0,0.929,1.238,0.413
1175,0.184,0.061,0.925,0,0,0.929,2.748,0.917
1176,0.01,0.003,0.928,0,0,0.929,1.812,0.605
1177,0.026,0.009,0.928,0,0,0.929,1.548,0.517
1178,0.136,0.045,0.926,0,0,0.929,2.64,0.881
1179,0,0,0.929,0,0,0.929,1.3,0.434
1180,0.186,0.062,0.925,0.098,0.033,0.927,2.115,0.706
1181,0,0,0.929,0,0,0.929,2.385,0.796
1182,0.01,0.003,0.928,0,0,0.929,1.829,0.611
1183,0.01,0.003,0.928,0,0,0.929,1.686,0.563
1184,0,0,0.929,0,0,0.929,1.991,0.665
1185,0,0,0.929,0,0,0.929,2.048,0.684
1186,0.02,0.007,0.928,0,0,0.929,2.236,0.746
1187,0,0,0.929,0,0,0.929,2.269,0.757
1188,0,0,0.929,0,0,0.929,1.315,0.439
1189,0.018,0.006,0.928,0,0,0.929,2.497,0.833
1190,0.026,0.009,0.928,0,0,0.929,2.162,0.722
1191,0.028,0.009,0.928,0,0,0.929,2.701,0.902
1192,0,0,0.929,0,0,0.929,1.464,0.489
1193,0.033,0.011,0.928,0,0,0.929,2.706,0.903
1194,0,0,0.929,0,0,0.929,1.832,0.612
1195,0,0,0.929,0,0,0.929,1.965,0.656
1196,0.593,0.198,0.909,0.868,0.29,0.897,2.817,0.94
1197,0,0,0.929,0,0,0.929,1.506,0.503
1198,0.01,0.003,0.928,0,0,0.929,2.22,0.741
1199,0.064,0.021,0.928,0,0,0.929,1.499,0.5
1200,0,0,0.929,0,0,0.929,2.381,0.795
1201,0.026,0.009,0.928,0,0,0.929,1.95,0.651
1202,0.096,0.032,0.927,0,0,0.929,2.361,0.788
1203,0.443,0.148,0.915,0.098,0.033,0.927,2.83,0.945
1204,0.03,0.01,0.928,0.098,0.033,0.927,2.098,0.7
1205,0,0,0.929,0,0,0.929,1.505,0.502
1206,0.07,0.023,0.928,0.098,0.033,0.927,1.668,0.557
1207,0.052,0.017,0.928,0,0,0.929,2.002,0.668
1208,0.148,0.049,0.926,0,0,0.929,1.902,0.635
1209,0.25,0.084,0.923,0.098,0.033,0.927,2.683,0.895
1210,0,0,0.929,0,0,0.929,2.275,0.76
1211,0,0,0.929,0,0,0.929,1.51,0.504
1212,0.043,0.014,0.928,0,0,0.929,1.591,0.531
1213,0,0,0.929,0,0,0.929,1.629,0.544
1214,0,0,0.929,0,0,0.929,1.511,0.504
1215,0,0,0.929,0,0,0.929,1.483,0.495
1216,0,0,0.929,0,0,0.929,1.353,0.452
1217,0,0,0.929,0,0,0.929,1.275,0.426
1218,0.036,0.012,0.928,0,0,0.929,1.724,0.576
1219,0,0,0.929,0,0,0.929,1.392,0.465
1220,0.026,0.009,0.928,0,0,0.929,1.326,0.442
1221,0,0,0.929,0,0,0.929,1.386,0.463
1222,0,0,0.929,0,0,0.929,1.305,0.436
1223,0,0,0.929,0,0,0.929,1.393,0.465
1224,0,0,0.929,0,0,0.929,1.508,0.503
1225,0,0,0.929,0,0,0.929,2.217,0.74
1226,0.01,0.003,0.928,0,0,0.929,1.712,0.571
1227,0,0,0.929,0,0,0.929,1.79,0.598
1228,0,0,0.929,0,0,0.929,1.654,0.552
1229,0,0,0.929,0,0,0.929,1.41,0.471
1230,0.137,0.046,0.926,0,0,0.929,2.623,0.876
1231,0.01,0.003,0.928,0,0,0.929,1.41,0.471
1232,0,0,0.929,0,0,0.929,1.308,0.437
1233,0.062,0.021,0.928,0.168,0.056,0.926,2.215,0.739
1234,0,0,0.929,0,0,0.929,1.265,0.422
1235,0,0,0.929,0,0,0.929,1.442,0.481
1236,0,0,0.929,0,0,0.929,1.398,0.467
1237,0.028,0.009,0.928,0,0,0.929,2.088,0.697
1238,0,0,0.929,0,0,0.929,1.738,0.58
1239,0,0,0.929,0,0,0.929,1.159,0.387
1240,0.149,0.05,0.926,0.168,0.056,0.926,2.338,0.78
1241,0,0,0.929,0,0,0.929,1.737,0.58
1242,0.04,0.013,0.928,0,0,0.929,2.061,0.688
1243,0.01,0.003,0.928,0.098,0.033,0.927,1.213,0.405
1244,0,0,0.929,0,0,0.929,1.265,0.422
1245,0.064,0.021,0.928,0,0,0.929,2.264,0.756
1246,0.018,0.006,0.928,0,0,0.929,1.429,0.477
1247,0.02,0.007,0.928,0,0,0.929,1.759,0.587
1248,0.076,0.025,0.927,0,0,0.929,2.74,0.915
1249,0,0,0.929,0,0,0.929,2.124,0.709
1250,0.01,0.003,0.928,0,0,0.929,2.135,0.713
1251,0.059,0.02,0.928,0,0,0.929,2.618,0.874
1252,0.033,0.011,0.928,0,0,0.929,1.777,0.593
1253,0,0,0.929,0,0,0.929,2.091,0.698
1254,0.064,0.021,0.928,0,0,0.929,2.308,0.771
1255,0.01,0.003,0.928,0,0,0.929,1.198,0.4
1256,0.01,0.003,0.928,0,0,0.929,1.384,0.462
1257,0,0,0.929,0,0,0.929,1.387,0.463
1258,0,0,0.929,0,0,0.929,1.171,0.391
1259,0,0,0.929,0,0,0.929,1.127,0.376
1260,0,0,0.929,0,0,0.929,1.154,0.385
1261,0,0,0.929,0,0,0.929,1.282,0.428
1262,0.026,0.009,0.928,0,0,0.929,2.53,0.845
1263,0,0,0.929,0,0,0.929,1.557,0.52
1264,0,0,0.929,0,0,0.929,1.375,0.459
1265,0,0,0.929,0,0,0.929,1.26,0.421
1266,0,0,0.929,0,0,0.929,1.609,0.537
1267,0,0,0.929,0,0,0.929,1.145,0.382
1268,0,0,0.929,0,0,0.929,1.322,0.441
1269,0,0,0.929,0,0,0.929,2.113,0.705
1270,0,0,0.929,0,0,0.929,1.592,0.532
1271,0.036,0.012,0.928,0,0,0.929,2.458,0.82
1272,0,0,0.929,0,0,0.929,1.816,0.606
1273,0.018,0.006,0.928,0,0,0.929,1.946,0.65
1274,0.018,0.006,0.928,0,0,0.929,1.405,0.469
1275,0.01,0.003,0.928,0,0,0.929,1.485,0.496
1276,0,0,0.929,0,0,0.929,1.223,0.408
1277,0,0,0.929,0,0,0.929,1.143,0.382
1278,0.01,0.003,0.928,0,0,0.929,1.098,0.366
1279,0.01,0.003,0.928,0,0,0.929,1.967,0.657
1280,0.01,0.003,0.928,0,0,0.929,1.136,0.379
1281,0.01,0.003,0.928,0.098,0.033,0.927,1.162,0.388
1282,0,0,0.929,0,0,0.929,1.249,0.417
1283,0.01,0.003,0.928,0,0,0.929,1.523,0.508
1284,0,0,0.929,0,0,0.929,1.412,0.471
1285,0.117,0.039,0.927,0,0,0.929,2.416,0.806
1286,0,0,0.929,0,0,0.929,1.276,0.426
1287,0.076,0.025,0.927,0,0,0.929,1.681,0.561
1288,0,0,0.929,0,0,0.929,1.524,0.509
1289,0,0,0.929,0,0,0.929,1.821,0.608
1290,0,0,0.929,0,0,0.929,1.471,0.491
1291,0,0,0.929,0,0,0.929,1.284,0.428
1292,0,0,0.929,0,0,0.929,1.114,0.372
1293,0,0,0.929,0,0,0.929,1.367,0.456
1294,0,0,0.929,0,0,0.929,1.397,0.466
1295,0,0,0.929,0,0,0.929,1.21,0.404
1296,0.018,0.006,0.928,0,0,0.929,1.608,0.537
1297,0.01,0.003,0.928,0,0,0.929,1.186,0.396
1298,0,0,0.929,0,0,0.929,1.471,0.491
1299,0,0,0.929,0,0,0.929,1.295,0.432
1300,0.051,0.017,0.928,0.098,0.033,0.927,2.353,0.786
1301,0.01,0.003,0.928,0,0,0.929,1.662,0.555
1302,0,0,0.929,0,0,0.929,1.343,0.448
1303,0,0,0.929,0,0,0.929,1.355,0.452
1304,0,0,0.929,0,0,0.929,1.277,0.426
1305,0.018,0.006,0.928,0,0,0.929,2.137,0.713
1306,0,0,0.929,0,0,0.929,1.517,0.506
1307,0.01,0.003,0.928,0,0,0.929,1.516,0.506
1308,0,0,0.929,0,0,0.929,1.962,0.655
1309,0,0,0.929,0,0,0.929,1.301,0.434
1310,0.01,0.003,0.928,0.098,0.033,0.927,1.249,0.417
1311,0.02,0.007,0.928,0,0,0.929,2.511,0.838
1312,0.028,0.009,0.928,0,0,0.929,2.503,0.836
1313,0,0,0.929,0,0,0.929,1.302,0.435
1314,0.048,0.016,0.928,0.098,0.033,0.927,2.426,0.81
1315,0,0,0.929,0,0,0.929,1.459,0.487
1316,0.03,0.01,0.928,0.098,0.033,0.927,2.638,0.88
1317,0,0,0.929,0,0,0.929,1.664,0.555
1318,0,0,0.929,0,0,0.929,1.595,0.533
1319,0.01,0.003,0.928,0,0,0.929,1.658,0.554
1320,0,0,0.929,0,0,0.929,1.501,0.501
1321,0,0,0.929,0,0,0.929,1.241,0.414
1322,0.01,0.003,0.928,0,0,0.929,1.258,0.42
1323,0.02,0.007,0.928,0.098,0.033,0.927,1.286,0.429
1324,0.02,0.007,0.928,0,0,0.929,2.204,0.736
1325,0.01,0.003,0.928,0,0,0.929,1.843,0.615
1326,0.01,0.003,0.928,0,0,0.929,1.927,0.643
1327,0.126,0.042,0.927,0,0,0.929,1.479,0.494
1328,0.046,0.015,0.928,0,0,0.929,1.914,0.639
1329,0,0,0.929,0,0,0.929,1.537,0.513
1330,0.01,0.003,0.928,0,0,0.929,1.704,0.569
1331,0,0,0.929,0,0,0.929,1.271,0.424
1332,0.018,0.006,0.928,0,0,0.929,1.575,0.526
1333,0,0,0.929,0,0,0.929,1.26,0.421
1334,0,0,0.929,0,0,0.929,1.277,0.426
1335,0.03,0.01,0.928,0.098,0.033,0.927,1.6,0.534
1336,0.033,0.011,0.928,0,0,0.929,1.172,0.391
1337,0,0,0.929,0,0,0.929,1.26,0.421
1338,0.01,0.003,0.928,0,0,0.929,1.522,0.508
1339,0.17,0.057,0.925,0,0,0.929,2.329,0.777
1340,0.018,0.006,0.928,0,0,0.929,1.383,0.462
1341,0,0,0.929,0,0,0.929,1.148,0.383
1342,0,0,0.929,0,0,0.929,1.469,0.491
1343,0.01,0.003,0.928,0,0,0.929,2.549,0.851
1344,0.018,0.006,0.928,0,0,0.929,1.78,0.594
1345,0,0,0.929,0,0,0.929,1.331,0.444
1346,0.036,0.012,0.928,0.168,0.056,0.926,2.037,0.68
1347,0,0,0.929,0,0,0.929,1.232,0.411
1348,0.01,0.003,0.928,0,0,0.929,1.698,0.567
1349,0.018,0.006,0.928,0,0,0.929,1.194,0.399
1350,0.112,0.037,0.927,0,0,0.929,2.256,0.753
1351,0.312,0.104,0.921,0.098,0.033,0.927,2.066,0.69
1352,0.078,0.026,0.927,0,0,0.929,2.319,0.774
1353,0.141,0.047,0.925,0.168,0.056,0.926,2.64,0.881
1354,0.033,0.011,0.928,0,0,0.929,1.466,0.489
1355,0.082,0.027,0.927,0,0,0.929,2.477,0.827
1356,0.074,0.025,0.928,0.098,0.033,0.927,2.763,0.922
1357,0.198,0.066,0.925,0,0,0.929,2.728,0.911
1358,0.01,0.003,0.928,0,0,0.929,2.336,0.78
1359,0.052,0.017,0.928,0,0,0.929,2.006,0.67
1360,0.188,0.063,0.925,0.227,0.076,0.924,1.855,0.619
1361,0.02,0.007,0.928,0,0,0.929,2.651,0.885
1362,0.01,0.003,0.928,0,0,0.929,1.621,0.541
1363,0,0,0.929,0,0,0.929,2.521,0.841
1364,0.166,0.055,0.925,0.098,0.033,0.927,2.887,0.964
1365,0.251,0.084,0.924,0,0,0.929,1.855,0.619
1366,0.028,0.009,0.928,0,0,0.929,1.923,0.642
1367,0.231,0.077,0.921,0.293,0.098,0.92,2.965,0.99
1368,0.345,0.115,0.918,0.678,0.226,0.906,2.922,0.975
1369,0.01,0.003,0.928,0,0,0.929,1.207,0.403
1370,0,0,0.929,0,0,0.929,2.508,0.837
1371,0.568,0.19,0.911,0.573,0.191,0.91,2.776,0.927
1372,0.127,0.042,0.927,0.098,0.033,0.927,1.952,0.651
1373,0.02,0.007,0.928,0,0,0.929,1.566,0.523
1374,0.276,0.092,0.923,0.265,0.089,0.923,2.728,0.911
1375,0,0,0.929,0,0,0.929,2.251,0.751
1376,0.539,0.18,0.914,0.227,0.076,0.924,2.575,0.86
1377,0,0,0.929,0,0,0.929,1.196,0.399
1378,0.018,0.006,0.928,0,0,0.929,1.228,0.41
1379,0.074,0.025,0.928,0.168,0.056,0.926,1.484,0.495
1380,0.522,0.174,0.913,0.367,0.122,0.92,2.437,0.813
1381,0.03,0.01,0.928,0,0,0.929,1.105,0.369
1382,0,0,0.929,0,0,0.929,2.108,0.704
1383,0,0,0.929,0,0,0.929,1.609,0.537
1384,0.043,0.014,0.928,0.098,0.033,0.927,1.787,0.597
1385,0.02,0.007,0.928,0,0,0.929,1.717,0.573
1386,0.02,0.007,0.928,0,0,0.929,1.379,0.46
1387,0,0,0.929,0,0,0.929,1.053,0.352
1388,0,0,0.929,0,0,0.929,1.784,0.595
1389,0,0,0.929,0,0,0.929,1.458,0.487
1390,0.097,0.032,0.927,0,0,0.929,2.007,0.67
1391,0.01,0.003,0.928,0,0,0.929,1.099,0.367
1392,0.01,0.003,0.928,0,0,0.929,2.006,0.67
1393,0.252,0.084,0.924,0.283,0.094,0.923,2.494,0.833
1394,0,0,0.929,0,0,0.929,1.751,0.585
1395,0.033,0.011,0.928,0.098,0.033,0.927,1.136,0.379
1396,0.371,0.124,0.92,0.098,0.033,0.927,2.265,0.756
1397,0.079,0.026,0.927,0,0,0.929,2.733,0.912
1398,0.01,0.003,0.928,0.098,0.033,0.927,1.937,0.647
1399,0.319,0.106,0.922,0.594,0.198,0.911,2.537,0.847
1400,0.01,0.003,0.928,0,0,0.929,0.773,0.258
1401,0.088,0.029,0.927,0.168,0.056,0.926,2.376,0.793
1402,0.046,0.015,0.928,0,0,0.929,1.809,0.604
1403,0.01,0.003,0.928,0,0,0.929,1.846,0.616
1404,0,0,0.929,0,0,0.929,0.785,0.262
1405,0.01,0.003,0.928,0.098,0.033,0.927,1.949,0.651
1406,0,0,0.929,0,0,0.929,1.638,0.547
1407,0.046,0.015,0.928,0.098,0.033,0.927,1.737,0.58
1408,0.075,0.025,0.928,0.098,0.033,0.927,2.293,0.765
1409,0,0,0.929,0,0,0.929,1.125,0.375
1410,0.056,0.019,0.928,0.098,0.033,0.927,1.85,0.618
1411,0.068,0.023,0.927,0,0,0.929,2.69,0.898
1412,0.043,0.014,0.928,0.098,0.033,0.927,2.776,0.927
1413,0.01,0.003,0.928,0.098,0.033,0.927,2.021,0.674
1414,0.058,0.02,0.928,0.098,0.033,0.927,1.895,0.632
1415,0.148,0.05,0.926,0,0,0.929,2.752,0.919
1416,0,0,0.929,0,0,0.929,2.529,0.844
1417,0,0,0.929,0,0,0.929,0.736,0.246
1418,0,0,0.929,0,0,0.929,2.394,0.799
1419,0.111,0.037,0.926,0.098,0.033,0.927,2.768,0.924
1420,0.01,0.003,0.928,0,0,0.929,1.27,0.424
1421,0.02,0.007,0.928,0,0,0.929,2.514,0.839
1422,0.231,0.077,0.924,0.324,0.108,0.921,2.591,0.865
1423,0.02,0.007,0.928,0,0,0.929,2.67,0.891
1424,0.01,0.003,0.928,0,0,0.929,1.108,0.37
1425,0.01,0.003,0.928,0,0,0.929,2.133,0.712
1426,0.01,0.003,0.928,0,0,0.929,1.507,0.503
1427,0,0,0.929,0,0,0.929,1.109,0.37
1428,0,0,0.929,0,0,0.929,0.567,0.189
1429,0,0,0.929,0,0,0.929,0.583,0.195
1430,0,0,0.929,0,0,0.929,2.012,0.672
1431,0,0,0.929,0,0,0.929,2.762,0.922
1432,0.02,0.007,0.928,0.098,0.033,0.927,2.73,0.911
1433,0.648,0.216,0.907,0.489,0.163,0.916,2.945,0.983
1434,0.036,0.012,0.928,0,0,0.929,1.832,0.612
1435,0.272,0.091,0.923,0.098,0.033,0.927,2.363,0.789
1436,0.07,0.023,0.928,0,0,0.929,2.891,0.965
1437,0.164,0.055,0.925,0.098,0.033,0.927,2.44,0.814
1438,0.176,0.059,0.926,0.168,0.056,0.926,2.789,0.931
1439,0,0,0.929,0,0,0.929,1.959,0.654
1440,0.107,0.036,0.927,0,0,0.929,2.49,0.831
1441,0.068,0.023,0.928,0,0,0.929,2.111,0.705
1442,0.334,0.111,0.921,0.168,0.056,0.926,2.875,0.96
1443,0.026,0.009,0.928,0,0,0.929,2.764,0.923
1444,0.146,0.049,0.926,0,0,0.929,2.877,0.96
1445,0.685,0.229,0.907,0,0,0.929,2.834,0.946
1446,0.028,0.009,0.928,0,0,0.929,2.605,0.87
1447,0.01,0.003,0.928,0,0,0.929,2.292,0.765
1448,0,0,0.929,0,0,0.929,1.832,0.612
1449,0.038,0.013,0.928,0.098,0.033,0.927,2.673,0.892
1450,0.075,0.025,0.927,0.196,0.065,0.924,2.33,0.778
1451,0.149,0.05,0.926,0,0,0.929,1.875,0.626
1452,0.09,0.03,0.926,0,0,0.929,2.846,0.95
1453,0.01,0.003,0.928,0,0,0.929,1.837,0.613
1454,0.01,0.003,0.928,0,0,0.929,1.838,0.614
1455,0.01,0.003,0.928,0,0,0.929,2.135,0.713
1456,0.26,0.087,0.923,0.098,0.033,0.927,2.897,0.967
1457,0.058,0.019,0.928,0,0,0.929,1.814,0.606
1458,0.062,0.021,0.928,0,0,0.929,2.031,0.678
1459,0,0,0.929,0,0,0.929,2.458,0.82
1460,0.058,0.019,0.928,0.227,0.076,0.924,2.571,0.858
1461,0,0,0.929,0,0,0.929,2.858,0.954
1462,0.368,0.123,0.92,0.334,0.112,0.92,2.901,0.969
1463,0.119,0.04,0.927,0.098,0.033,0.927,1.972,0.658
1464,0.01,0.003,0.928,0,0,0.929,2.571,0.858
1465,0.23,0.077,0.924,0.279,0.093,0.923,2.925,0.976
1466,0,0,0.929,0,0,0.929,1.774,0.592
1467,0,0,0.929,0,0,0.929,2.102,0.702
1468,0.136,0.045,0.926,0.098,0.033,0.927,2.85,0.952
1469,0.162,0.054,0.926,0.098,0.033,0.927,2.833,0.946
1470,0.54,0.18,0.913,0.265,0.089,0.923,2.253,0.752
1471,0,0,0.929,0,0,0.929,2.392,0.798
1472,0,0,0.929,0,0,0.929,1.958,0.654
1473,0.046,0.015,0.928,0,0,0.929,2.228,0.744
1474,0.288,0.096,0.922,0.196,0.065,0.924,2.657,0.887
1475,0.01,0.003,0.928,0,0,0.929,2.638,0.881
1476,0.02,0.007,0.928,0,0,0.929,2.612,0.872
1477,1.111,0.371,0.877,0.729,0.243,0.904,2.938,0.981
1478,0.466,0.156,0.916,0.594,0.198,0.911,2.807,0.937
1479,0.131,0.044,0.926,0.098,0.033,0.927,2.594,0.866
1480,0.321,0.107,0.921,0.098,0.033,0.927,2.942,0.982
1481,0.036,0.012,0.928,0,0,0.929,2.73,0.911
1482,0.12,0.04,0.926,0.098,0.033,0.927,2.861,0.955
1483,0.086,0.029,0.927,0,0,0.929,2.302,0.769
1484,0.018,0.006,0.928,0,0,0.929,1.785,0.596
1485,0.053,0.018,0.928,0,0,0.929,2.142,0.715
1486,0.039,0.013,0.928,0,0,0.929,2.194,0.733
1487,0.112,0.037,0.927,0.098,0.033,0.927,1.756,0.586
1488,0.046,0.015,0.928,0,0,0.929,2.096,0.7
1489,0,0,0.929,0,0,0.929,1.579,0.527
1490,0.039,0.013,0.928,0,0,0.929,2.07,0.691
1491,0.01,0.003,0.928,0,0,0.929,1.752,0.585
1492,0,0,0.929,0,0,0.929,1.628,0.543
1493,0,0,0.929,0,0,0.929,2.052,0.685
1494,0.01,0.003,0.928,0,0,0.929,1.818,0.607
1495,0.018,0.006,0.928,0,0,0.929,1.759,0.587
1496,0.01,0.003,0.928,0,0,0.929,1.538,0.513
1497,0.154,0.051,0.926,0.098,0.033,0.927,2.068,0.69
1498,0.01,0.003,0.928,0,0,0.929,1.418,0.473
1499,0,0,0.929,0,0,0.929,1.308,0.437
1500,0,0,0.929,0,0,0.929,1.244,0.415
1501,0.026,0.009,0.928,0,0,0.929,1.835,0.613
1502,0.01,0.003,0.928,0,0,0.929,1.756,0.586
1503,0.01,0.003,0.928,0,0,0.929,1.86,0.621
1504,0,0,0.929,0,0,0.929,1.891,0.631
1505,0,0,0.929,0,0,0.929,1.825,0.609
1506,0.072,0.024,0.927,0,0,0.929,2.188,0.731
1507,0.127,0.042,0.927,0.325,0.109,0.921,1.944,0.649
1508,0.018,0.006,0.928,0,0,0.929,1.787,0.597
1509,0.204,0.068,0.925,0.227,0.076,0.924,1.699,0.567
1510,0.02,0.007,0.928,0,0,0.929,1.866,0.623
1511,0,0,0.929,0,0,0.929,1.836,0.613
1512,0.01,0.003,0.928,0,0,0.929,2.101,0.701
1513,0.018,0.006,0.928,0,0,0.929,1.685,0.562
1514,0,0,0.929,0,0,0.929,1.631,0.544
1515,0,0,0.929,0,0,0.929,1.348,0.45
1516,0,0,0.929,0,0,0.929,1.674,0.559
1517,0,0,0.929,0,0,0.929,1.761,0.588
1518,0,0,0.929,0,0,0.929,1.317,0.44
1519,0,0,0.929,0,0,0.929,1.38,0.461
1520,0,0,0.929,0,0,0.929,1.659,0.554
1521,0,0,0.929,0,0,0.929,1.256,0.419
1522,0.144,0.048,0.926,0,0,0.929,1.846,0.616
1523,0,0,0.929,0,0,0.929,1.296,0.433
1524,0.559,0.187,0.912,0.662,0.221,0.906,2.437,0.814
1525,0,0,0.929,0,0,0.929,2.189,0.731
1526,0.298,0.099,0.922,0.098,0.033,0.927,2.83,0.945
1527,0.14,0.047,0.925,0,0,0.929,2.89,0.965
1528,0.092,0.031,0.927,0,0,0.929,2.495,0.833
1529,0.028,0.009,0.928,0.098,0.033,0.927,2.729,0.911
1530,0.162,0.054,0.926,0.168,0.056,0.926,2.475,0.826
1531,0.284,0.095,0.923,0,0,0.929,1.775,0.593
1532,0,0,0.929,0,0,0.929,1.266,0.423
1533,0,0,0.929,0,0,0.929,1.451,0.485
1534,0.01,0.003,0.928,0,0,0.929,1.583,0.529
1535,0.018,0.006,0.928,0,0,0.929,1.265,0.422
1536,0.01,0.003,0.928,0,0,0.929,2.368,0.79
1537,0,0,0.929,0,0,0.929,1.188,0.396
1538,0.145,0.048,0.926,0.325,0.109,0.921,2.102,0.702
1539,0,0,0.929,0,0,0.929,1.486,0.496
1540,0,0,0.929,0,0,0.929,1.317,0.44
1541,0,0,0.929,0,0,0.929,1.232,0.411
1542,0.01,0.003,0.928,0,0,0.929,1.279,0.427
1543,0.16,0.054,0.925,0,0,0.929,2.372,0.792
1544,0,0,0.929,0,0,0.929,1.273,0.425
1545,0.01,0.003,0.928,0,0,0.929,1.722,0.575
1546,0,0,0.929,0,0,0.929,1.262,0.421
1547,0.01,0.003,0.928,0,0,0.929,1.509,0.504
1548,0.049,0.017,0.928,0,0,0.929,2.198,0.734
1549,0.028,0.009,0.928,0,0,0.929,1.526,0.509
1550,0.02,0.007,0.928,0,0,0.929,1.748,0.583
1551,0,0,0.929,0,0,0.929,1.334,0.445
1552,0.153,0.051,0.926,0,0,0.929,1.357,0.453
1553,0.085,0.029,0.927,0,0,0.929,1.5,0.501
1554,0,0,0.929,0,0,0.929,1.25,0.417
1555,0.673,0.225,0.903,0.686,0.229,0.897,1.862,0.622
1556,0.056,0.019,0.928,0,0,0.929,2.69,0.898
1557,0.135,0.045,0.926,0.098,0.033,0.927,2.252,0.752
1558,0.19,0.063,0.925,0.325,0.109,0.921,1.945,0.649
1559,0.052,0.017,0.928,0.098,0.033,0.927,2.454,0.819
1560,0.01,0.003,0.928,0,0,0.929,1.398,0.467
1561,0.056,0.019,0.928,0,0,0.929,2.568,0.857
1562,0.028,0.009,0.928,0,0,0.929,2.175,0.726
1563,0.01,0.003,0.928,0,0,0.929,1.274,0.425
1564,0.01,0.003,0.928,0,0,0.929,1.185,0.396
1565,0.043,0.014,0.928,0,0,0.929,1.536,0.513
1566,0,0,0.929,0,0,0.929,1.197,0.399
1567,0.01,0.003,0.928,0,0,0.929,1.729,0.577
1568,0,0,0.929,0,0,0.929,1.431,0.478
1569,0,0,0.929,0,0,0.929,1.098,0.366
1570,0.07,0.023,0.928,0.168,0.056,0.926,1.509,0.504
1571,0.026,0.009,0.928,0.098,0.033,0.927,1.519,0.507
1572,0.026,0.009,0.928,0,0,0.929,1.991,0.665
1573,0.245,0.082,0.924,0.168,0.056,0.926,1.697,0.567
1574,0,0,0.929,0,0,0.929,1.611,0.538
1575,0,0,0.929,0,0,0.929,1.735,0.579
1576,0,0,0.929,0,0,0.929,1.552,0.518
1577,0.01,0.003,0.928,0,0,0.929,1.781,0.595
1578,0,0,0.929,0,0,0.929,1.157,0.386
1579,0.028,0.009,0.928,0,0,0.929,1.453,0.485
1580,0.01,0.003,0.928,0,0,0.929,1.345,0.449
1581,0,0,0.929,0,0,0.929,1.448,0.483
1582,0.164,0.055,0.926,0.168,0.056,0.926,2.563,0.856
1583,0,0,0.929,0,0,0.929,1.402,0.468
1584,0,0,0.929,0,0,0.929,1.373,0.458
1585,0.03,0.01,0.928,0,0,0.929,2.933,0.979
1586,0.094,0.031,0.927,0.098,0.033,0.927,2.782,0.929
1587,0.052,0.017,0.928,0.168,0.056,0.926,1.694,0.566
1588,0.113,0.038,0.927,0,0,0.929,2.53,0.845
1589,0.054,0.018,0.928,0.098,0.033,0.927,2.06,0.688
1590,0.068,0.023,0.928,0,0,0.929,2.406,0.803
1591,0.447,0.149,0.918,0,0,0.929,2.676,0.893
1592,0.195,0.065,0.923,0.265,0.089,0.923,2.801,0.935
1593,0.183,0.061,0.925,0,0,0.929,2.915,0.973
1594,0.197,0.066,0.925,0.405,0.135,0.919,1.942,0.648
1595,0.519,0.173,0.914,0.279,0.093,0.923,2.886,0.963
1596,0.052,0.017,0.928,0,0,0.929,1.766,0.59
1597,0.956,0.319,0.882,0.792,0.264,0.9,2.847,0.95
1598,0.01,0.003,0.928,0,0,0.929,2.331,0.778
1599,0,0,0.929,0,0,0.929,1.945,0.649
1600,0,0,0.929,0,0,0.929,2.559,0.854
1601,0.01,0.003,0.928,0,0,0.929,2.12,0.708
1602,0.01,0.003,0.928,0,0,0.929,1.448,0.484
1603,0.074,0.025,0.927,0.168,0.056,0.926,2.441,0.815
1604,0.01,0.003,0.928,0,0,0.929,1.913,0.639
1605,0.258,0.086,0.923,0.098,0.033,0.927,2.893,0.966
1606,0.02,0.007,0.928,0,0,0.929,2.487,0.83
1607,0,0,0.929,0,0,0.929,2.506,0.836
1608,0.258,0.086,0.922,0.584,0.195,0.911,2.566,0.857
1609,0,0,0.929,0,0,0.929,1.245,0.416
1610,0,0,0.929,0,0,0.929,1.262,0.421
1611,0.03,0.01,0.928,0,0,0.929,1.235,0.412
1612,0.068,0.023,0.928,0.098,0.033,0.927,1.64,0.548
1613,0.058,0.019,0.928,0.325,0.109,0.921,1.783,0.595
1614,0.036,0.012,0.928,0.098,0.033,0.927,1.9,0.634
1615,0.118,0.039,0.926,0.098,0.033,0.927,1.937,0.647
1616,0.117,0.039,0.927,0,0,0.929,2.202,0.735
1617,0.01,0.003,0.928,0,0,0.929,1.77,0.591
1618,0.26,0.087,0.922,0.227,0.076,0.924,2.767,0.924
1619,0,0,0.929,0,0,0.929,1.499,0.5
1620,0.01,0.003,0.928,0,0,0.929,1.782,0.595
1621,0.01,0.003,0.928,0,0,0.929,2.441,0.815
1622,0.046,0.015,0.928,0,0,0.929,1.389,0.464
1623,0.01,0.003,0.928,0,0,0.929,1.608,0.537
1624,0.02,0.007,0.928,0,0,0.929,1.142,0.381
1625,0.01,0.003,0.928,0,0,0.929,1.238,0.413
1626,0.03,0.01,0.928,0.098,0.033,0.927,1.44,0.481
1627,0.02,0.007,0.928,0,0,0.929,1.1,0.367
1628,0,0,0.929,0,0,0.929,1.799,0.6
1629,0,0,0.929,0,0,0.929,1.591,0.531
1630,0.036,0.012,0.928,0.098,0.033,0.927,1.852,0.618
1631,0.485,0.162,0.916,0.471,0.157,0.916,2.54,0.848
1632,0.661,0.221,0.904,0.692,0.231,0.894,2.543,0.849
1633,0,0,0.929,0,0,0.929,2.079,0.694
1634,0.038,0.013,0.928,0,0,0.929,2.876,0.96
1635,0.777,0.259,0.897,0.717,0.239,0.903,2.622,0.875
1636,0.018,0.006,0.928,0,0,0.929,2.775,0.926
1637,0.068,0.023,0.928,0,0,0.929,2.219,0.741
1638,0.455,0.152,0.917,0.729,0.243,0.904,2.452,0.819
1639,0.03,0.01,0.928,0,0,0.929,2.169,0.724
1640,0,0,0.929,0,0,0.929,1.531,0.511
1641,0.026,0.009,0.928,0,0,0.929,2.06,0.688
1642,0,0,0.929,0,0,0.929,1.315,0.439
1643,0.01,0.003,0.928,0,0,0.929,1.646,0.55
1644,0.02,0.007,0.928,0.098,0.033,0.927,1.763,0.589
1645,0,0,0.929,0,0,0.929,1.756,0.586
1646,0,0,0.929,0,0,0.929,1.717,0.573
1647,0.039,0.013,0.928,0,0,0.929,2.328,0.777
1648,0.062,0.021,0.928,0,0,0.929,1.831,0.611
1649,0.02,0.007,0.928,0,0,0.929,1.763,0.589
1650,0.01,0.003,0.928,0,0,0.929,1.658,0.553
1651,0.082,0.027,0.927,0,0,0.929,2.106,0.703
1652,0,0,0.929,0,0,0.929,1.622,0.541
1653,0.043,0.014,0.928,0,0,0.929,1.512,0.505
1654,0.02,0.007,0.928,0,0,0.929,1.627,0.543
1655,0,0,0.929,0,0,0.929,1.468,0.49
1656,0,0,0.929,0,0,0.929,1.502,0.502
1657,0,0,0.929,0,0,0.929,1.493,0.498
1658,0.144,0.048,0.926,0,0,0.929,2.624,0.876
1659,0,0,0.929,0,0,0.929,1.616,0.54
1660,0.261,0.087,0.921,0.196,0.065,0.924,2.591,0.865
1661,0.102,0.034,0.927,0.227,0.076,0.924,2.482,0.828
1662,0,0,0.929,0,0,0.929,1.793,0.599
1663,0,0,0.929,0,0,0.929,1.566,0.523
1664,0,0,0.929,0,0,0.929,1.732,0.578
1665,0.033,0.011,0.928,0,0,0.929,1.799,0.601
1666,0,0,0.929,0,0,0.929,2.188,0.73
1667,0.02,0.007,0.928,0,0,0.929,1.485,0.496
1668,0.033,0.011,0.928,0,0,0.929,1.881,0.628
1669,0,0,0.929,0,0,0.929,1.536,0.513
1670,0.066,0.022,0.927,0,0,0.929,2.727,0.91
1671,0,0,0.929,0,0,0.929,1.737,0.58
1672,0,0,0.929,0,0,0.929,1.659,0.554
1673,0.028,0.009,0.928,0,0,0.929,2.303,0.769
1674,0,0,0.929,0,0,0.929,1.551,0.518
1675,0.01,0.003,0.928,0,0,0.929,1.89,0.631
1676,0.01,0.003,0.928,0,0,0.929,1.74,0.581
1677,0,0,0.929,0,0,0.929,1.742,0.581
1678,0.01,0.003,0.928,0,0,0.929,1.501,0.501
1679,0.01,0.003,0.928,0,0,0.929,1.606,0.536
1680,0,0,0.929,0,0,0.929,1.611,0.538
1681,0,0,0.929,0,0,0.929,1.564,0.522
1682,0,0,0.929,0,0,0.929,1.502,0.501
1683,0.028,0.009,0.928,0,0,0.929,1.516,0.506
1684,0,0,0.929,0,0,0.929,1.771,0.591
1685,0,0,0.929,0,0,0.929,1.506,0.503
1686,0,0,0.929,0,0,0.929,1.507,0.503
1687,0,0,0.929,0,0,0.929,1.605,0.536
1688,0,0,0.929,0,0,0.929,1.505,0.502
1689,0,0,0.929,0,0,0.929,1.393,0.465
1690,0.091,0.03,0.927,0,0,0.929,1.61,0.537
1691,0.038,0.013,0.928,0,0,0.929,1.536,0.513
1692,0.02,0.007,0.928,0,0,0.929,1.812,0.605
1693,0.074,0.025,0.928,0,0,0.929,1.868,0.623
1694,0.01,0.003,0.928,0,0,0.929,1.873,0.625
1695,0,0,0.929,0,0,0.929,1.513,0.505
1696,0.052,0.017,0.928,0,0,0.929,1.529,0.51
1697,0.01,0.003,0.928,0,0,0.929,1.412,0.471
1698,0.026,0.009,0.928,0,0,0.929,1.674,0.559
1699,0,0,0.929,0,0,0.929,1.561,0.521
1700,0.036,0.012,0.928,0,0,0.929,1.726,0.576
1701,0.01,0.003,0.928,0,0,0.929,1.568,0.523
1702,0.018,0.006,0.928,0,0,0.929,1.545,0.516
1703,0,0,0.929,0,0,0.929,1.602,0.535
1704,0,0,0.929,0,0,0.929,1.396,0.466
1705,0.01,0.003,0.928,0,0,0.929,1.601,0.534
1706,0,0,0.929,0,0,0.929,1.5,0.501
1707,0.01,0.003,0.928,0,0,0.929,1.638,0.547
1708,0,0,0.929,0,0,0.929,1.476,0.493
1709,0.01,0.003,0.928,0,0,0.929,1.39,0.464
1710,0,0,0.929,0,0,0.929,1.58,0.527
1711,0.056,0.019,0.928,0,0,0.929,1.476,0.493
1712,0.01,0.003,0.928,0,0,0.929,1.477,0.493
1713,0,0,0.929,0,0,0.929,2.278,0.76
1714,0,0,0.929,0,0,0.929,1.813,0.605
1715,0.036,0.012,0.928,0,0,0.929,2.075,0.693
1716,0.654,0.218,0.904,0.69,0.23,0.896,2.32,0.775
1717,0.01,0.003,0.928,0,0,0.929,2.404,0.802
1718,0,0,0.929,0,0,0.929,1.171,0.391
1719,0,0,0.929,0,0,0.929,1.347,0.45
1720,0.094,0.031,0.927,0.098,0.033,0.927,2.108,0.704
1721,0.511,0.171,0.914,0.405,0.135,0.919,1.88,0.628
1722,0.038,0.013,0.928,0,0,0.929,2.805,0.936
1723,0,0,0.929,0,0,0.929,1.259,0.42
1724,0.01,0.003,0.928,0,0,0.929,1.324,0.442
1725,0.121,0.041,0.926,0.227,0.076,0.924,2.758,0.92
1726,0.018,0.006,0.928,0.098,0.033,0.927,1.718,0.574
1727,0.026,0.009,0.928,0,0,0.929,2.732,0.912
1728,0.127,0.042,0.927,0,0,0.929,2.249,0.751
1729,0.053,0.018,0.928,0,0,0.929,2.312,0.772
1730,0.02,0.007,0.928,0,0,0.929,2.657,0.887
1731,0.539,0.18,0.914,0.405,0.135,0.919,2.832,0.945
1732,0.038,0.013,0.928,0,0,0.929,1.886,0.629
1733,0.329,0.11,0.921,0.227,0.076,0.924,2.856,0.953
1734,0.796,0.266,0.894,0.915,0.305,0.887,2.909,0.971
1735,0.061,0.02,0.928,0.098,0.033,0.927,2.564,0.856
1736,0,0,0.929,0,0,0.929,1.657,0.553
1737,0.272,0.091,0.923,0.098,0.033,0.927,1.789,0.597
1738,0.01,0.003,0.928,0,0,0.929,1.988,0.663
1739,0.366,0.122,0.92,0.098,0.033,0.927,2.566,0.857
1740,0.03,0.01,0.928,0,0,0.929,1.775,0.592
1741,0.01,0.003,0.928,0,0,0.929,2.145,0.716
1742,0.159,0.053,0.925,0.098,0.033,0.927,2.599,0.868
1743,0,0,0.929,0,0,0.929,2.145,0.716
1744,0.241,0.08,0.923,0.196,0.065,0.924,2.879,0.961
1745,0.329,0.11,0.921,0.627,0.209,0.906,2.569,0.858
1746,0.018,0.006,0.928,0.098,0.033,0.927,1.36,0.454
1747,0.051,0.017,0.928,0.098,0.033,0.927,1.674,0.559
1748,0.064,0.021,0.928,0,0,0.929,1.922,0.642
1749,0,0,0.929,0,0,0.929,2.456,0.82
1750,0,0,0.929,0,0,0.929,1.665,0.556
1751,0.02,0.007,0.928,0,0,0.929,1.249,0.417
1752,0.092,0.031,0.927,0,0,0.929,1.844,0.616
1753,0,0,0.929,0,0,0.929,1.435,0.479
1754,0.162,0.054,0.926,0.098,0.033,0.927,2.007,0.67
1755,0.785,0.262,0.892,0.742,0.248,0.9,2.839,0.948
1756,0.325,0.108,0.921,0.098,0.033,0.927,1.971,0.658
1757,0,0,0.929,0,0,0.929,1.229,0.41
1758,0.147,0.049,0.925,0.293,0.098,0.92,2.844,0.949
1759,0.01,0.003,0.928,0.098,0.033,0.927,1.276,0.426
1760,0.769,0.257,0.899,0.661,0.221,0.909,2.886,0.963
1761,0.01,0.003,0.928,0.098,0.033,0.927,2.171,0.725
1762,0,0,0.929,0,0,0.929,2.047,0.683
1763,0,0,0.929,0,0,0.929,1.242,0.415
1764,0,0,0.929,0,0,0.929,1.695,0.566
1765,0.01,0.003,0.928,0.098,0.033,0.927,1.816,0.606
1766,0,0,0.929,0,0,0.929,1.694,0.566
1767,0.146,0.049,0.926,0.098,0.033,0.927,2.728,0.911
1768,0.224,0.075,0.924,0.367,0.122,0.92,2.694,0.899
1769,0.135,0.045,0.926,0.325,0.109,0.921,2.538,0.847
1770,0.018,0.006,0.928,0,0,0.929,1.336,0.446
1771,0.036,0.012,0.928,0,0,0.929,2.67,0.891
1772,0.018,0.006,0.928,0,0,0.929,1.279,0.427
1773,0.018,0.006,0.928,0,0,0.929,1.585,0.529
1774,0.28,0.093,0.923,0.279,0.093,0.923,2.685,0.896
1775,0.61,0.204,0.909,0.501,0.167,0.914,2.747,0.917
1776,0.33,0.11,0.92,0.098,0.033,0.927,2.538,0.847
1777,0,0,0.929,0,0,0.929,1.514,0.505
1778,0,0,0.929,0,0,0.929,2.371,0.791
1779,0.039,0.013,0.928,0,0,0.929,2.379,0.794
1780,0,0,0.929,0,0,0.929,2.078,0.694
1781,0.02,0.007,0.928,0,0,0.929,1.772,0.591
1782,0,0,0.929,0,0,0.929,1.524,0.509
1783,0,0,0.929,0,0,0.929,2.214,0.739
1784,0,0,0.929,0,0,0.929,1.403,0.468
1785,0,0,0.929,0,0,0.929,1.371,0.458
1786,0.068,0.023,0.927,0,0,0.929,2.475,0.826
1787,0.01,0.003,0.928,0,0,0.929,1.331,0.444
1788,0,0,0.929,0,0,0.929,1.49,0.498
1789,0.112,0.037,0.927,0,0,0.929,2.297,0.767
1790,0.072,0.024,0.927,0.098,0.033,0.927,2.891,0.965
1791,0.134,0.045,0.925,0.098,0.033,0.927,2.846,0.95
1792,0.078,0.026,0.927,0,0,0.929,2.915,0.973
1793,0.098,0.033,0.927,0.168,0.056,0.926,2.291,0.765
1794,0,0,0.929,0,0,0.929,1.788,0.597
1795,0.096,0.032,0.927,0,0,0.929,2.721,0.908
1796,0.046,0.015,0.928,0,0,0.929,1.873,0.625
1797,0.01,0.003,0.928,0,0,0.929,1.786,0.596
1798,1.289,0.43,0.86,1.052,0.351,0.88,2.802,0.935
1799,0,0,0.929,0,0,0.929,2.03,0.677
1800,0,0,0.929,0,0,0.929,1.347,0.45
1801,0.398,0.133,0.919,0.168,0.056,0.926,1.975,0.659
1802,0,0,0.929,0,0,0.929,1.724,0.575
1803,0.062,0.021,0.928,0.098,0.033,0.927,2.131,0.711
1804,0.01,0.003,0.928,0,0,0.929,1.318,0.44
1805,0.026,0.009,0.928,0,0,0.929,2.295,0.766
1806,0,0,0.929,0,0,0.929,2.421,0.808
1807,0.028,0.009,0.928,0,0,0.929,2.32,0.774
1808,0,0,0.929,0,0,0.929,1.395,0.466
1809,0.105,0.035,0.926,0,0,0.929,2.425,0.81
1810,0.043,0.014,0.928,0,0,0.929,2.358,0.787
1811,0.01,0.003,0.928,0,0,0.929,1.665,0.556
1812,0.106,0.035,0.927,0,0,0.929,2.387,0.797
1813,0.058,0.02,0.928,0.196,0.065,0.924,1.671,0.558
1814,0.536,0.179,0.914,0.712,0.238,0.906,2.573,0.859
1815,0.148,0.049,0.926,0.293,0.098,0.92,2.335,0.779
1816,0.229,0.076,0.922,0,0,0.929,2.79,0.931
1817,0.033,0.011,0.928,0.098,0.033,0.927,2.181,0.728
1818,0.08,0.027,0.927,0,0,0.929,1.549,0.517
1819,0.453,0.151,0.916,0.375,0.125,0.92,2.644,0.883
1820,0.028,0.009,0.928,0,0,0.929,1.662,0.555
1821,0.038,0.013,0.928,0,0,0.929,2.678,0.894
1822,0.154,0.051,0.926,0.471,0.157,0.916,2.343,0.782
1823,0.01,0.003,0.928,0,0,0.929,1.609,0.537
1824,0,0,0.929,0,0,0.929,1.66,0.554
1825,0,0,0.929,0,0,0.929,1.298,0.433
1826,0,0,0.929,0,0,0.929,1.271,0.424
1827,0.01,0.003,0.928,0,0,0.929,1.881,0.628
1828,0.101,0.034,0.927,0,0,0.929,2.823,0.942
1829,0,0,0.929,0,0,0.929,1.339,0.447
1830,0,0,0.929,0,0,0.929,1.557,0.52
1831,0.026,0.009,0.928,0,0,0.929,2.159,0.721
1832,0.01,0.003,0.928,0,0,0.929,1.97,0.657
1833,0.01,0.003,0.928,0,0,0.929,1.768,0.59
1834,0,0,0.929,0,0,0.929,1.592,0.532
1835,0.01,0.003,0.928,0,0,0.929,1.906,0.636
1836,0.085,0.029,0.927,0,0,0.929,2.504,0.836
1837,0,0,0.929,0,0,0.929,1.558,0.52
1838,0.02,0.007,0.928,0,0,0.929,1.44,0.481
1839,0,0,0.929,0,0,0.929,1.418,0.473
1840,0,0,0.929,0,0,0.929,1.33,0.444
1841,0.07,0.023,0.928,0.098,0.033,0.927,1.74,0.581
1842,0,0,0.929,0,0,0.929,1.402,0.468
1843,0,0,0.929,0,0,0.929,1.397,0.466
1844,0.02,0.007,0.928,0,0,0.929,1.801,0.601
1845,0.127,0.042,0.927,0,0,0.929,2.268,0.757
1846,0.046,0.015,0.928,0,0,0.929,2.391,0.798
1847,0,0,0.929,0,0,0.929,1.52,0.508
1848,0.049,0.017,0.928,0,0,0.929,1.829,0.611
1849,0.117,0.039,0.927,0.196,0.065,0.924,2.088,0.697
1850,0.018,0.006,0.928,0,0,0.929,1.273,0.425
1851,0,0,0.929,0,0,0.929,1.611,0.538
1852,0,0,0.929,0,0,0.929,1.656,0.553
1853,0.01,0.003,0.928,0,0,0.929,1.724,0.576
1854,0.052,0.017,0.928,0.168,0.056,0.926,1.736,0.579
1855,0.01,0.003,0.928,0,0,0.929,2.217,0.74
1856,0.147,0.049,0.926,0.375,0.125,0.92,2.452,0.819
1857,0.16,0.053,0.926,0,0,0.929,1.92,0.641
1858,0.161,0.054,0.925,0,0,0.929,2.468,0.824
1859,0.422,0.141,0.918,0.227,0.076,0.924,1.861,0.621
1860,0.028,0.009,0.928,0,0,0.929,1.93,0.644
1861,0.01,0.003,0.928,0,0,0.929,1.981,0.661
1862,0.188,0.063,0.925,0,0,0.929,2.637,0.88
1863,0.151,0.05,0.926,0.168,0.056,0.926,2.554,0.853
1864,0.01,0.003,0.928,0,0,0.929,1.655,0.553
1865,0.244,0.081,0.924,0.405,0.135,0.919,1.777,0.593
1866,0.056,0.019,0.927,0,0,0.929,2.672,0.892
1867,0.02,0.007,0.928,0,0,0.929,1.923,0.642
1868,0.039,0.013,0.928,0.098,0.033,0.927,1.503,0.502
1869,0.02,0.007,0.928,0,0,0.929,1.863,0.622
1870,0.097,0.032,0.927,0,0,0.929,1.572,0.525
1871,0.01,0.003,0.928,0,0,0.929,1.595,0.533
1872,0.01,0.003,0.928,0,0,0.929,1.307,0.436
1873,0,0,0.929,0,0,0.929,1.653,0.552
1874,0.02,0.007,0.928,0,0,0.929,2.255,0.753
1875,0.01,0.003,0.928,0,0,0.929,1.774,0.592
1876,0,0,0.929,0,0,0.929,1.433,0.479
1877,0.01,0.003,0.928,0,0,0.929,1.843,0.615
1878,0.076,0.025,0.927,0,0,0.929,1.843,0.615
1879,0.01,0.003,0.928,0,0,0.929,1.583,0.529
1880,0.04,0.013,0.928,0.098,0.033,0.927,1.495,0.499
1881,0.03,0.01,0.928,0,0,0.929,1.636,0.546
1882,0.01,0.003,0.928,0,0,0.929,1.062,0.354
1883,0.01,0.003,0.928,0,0,0.929,1.212,0.404
1884,0,0,0.929,0,0,0.929,1.169,0.39
1885,0,0,0.929,0,0,0.929,1.368,0.457
1886,0,0,0.929,0,0,0.929,2.407,0.803
1887,0.127,0.042,0.926,0.098,0.033,0.927,2.429,0.811
1888,0.345,0.115,0.919,0.567,0.189,0.913,2.85,0.951
1889,0.309,0.103,0.922,0,0,0.929,2.011,0.671
1890,0.02,0.007,0.928,0.098,0.033,0.927,2.024,0.676
1891,0.097,0.032,0.927,0,0,0.929,1.475,0.492
1892,0.229,0.076,0.923,0.392,0.131,0.919,2.825,0.943
1893,0.171,0.057,0.925,0.196,0.065,0.924,2.777,0.927
1894,0,0,0.929,0,0,0.929,1.173,0.392
1895,0.018,0.006,0.928,0,0,0.929,2.432,0.812
1896,0,0,0.929,0,0,0.929,1.248,0.417
1897,0,0,0.929,0,0,0.929,1.298,0.433
1898,0,0,0.929,0,0,0.929,1.823,0.609
1899,0.053,0.018,0.928,0,0,0.929,1.557,0.52
1900,0,0,0.929,0,0,0.929,1.44,0.481
1901,0,0,0.929,0,0,0.929,1.614,0.539
1902,0,0,0.929,0,0,0.929,1.819,0.607
1903,0,0,0.929,0,0,0.929,1.216,0.406
1904,0.02,0.007,0.928,0.098,0.033,0.927,1.81,0.604
1905,0,0,0.929,0,0,0.929,1.27,0.424
1906,0,0,0.929,0,0,0.929,1.296,0.433
1907,0,0,0.929,0,0,0.929,1.301,0.434
1908,0.01,0.003,0.928,0,0,0.929,1.605,0.536
1909,0,0,0.929,0,0,0.929,1.765,0.589
1910,0.01,0.003,0.928,0,0,0.929,1.486,0.496
1911,0,0,0.929,0,0,0.929,1.197,0.4
1912,0,0,0.929,0,0,0.929,1.841,0.615
1913,0.018,0.006,0.928,0.098,0.033,0.927,2.064,0.689
1914,0.01,0.003,0.928,0,0,0.929,1.514,0.505
1915,0.01,0.003,0.928,0,0,0.929,1.311,0.438
1916,0.056,0.019,0.928,0,0,0.929,2.22,0.741
1917,0,0,0.929,0,0,0.929,1.439,0.48
1918,0.01,0.003,0.928,0,0,0.929,1.564,0.522
1919,0.158,0.053,0.926,0.098,0.033,0.927,2.16,0.721
1920,0.656,0.219,0.908,0.462,0.154,0.917,2.365,0.79
1921,0.018,0.006,0.928,0,0,0.929,1.566,0.523
1922,0,0,0.929,0,0,0.929,1.465,0.489
1923,0.272,0.091,0.922,0.098,0.033,0.927,2.61,0.871
1924,0.018,0.006,0.928,0,0,0.929,2.058,0.687
1925,0,0,0.929,0,0,0.929,1.464,0.489
1926,0,0,0.929,0,0,0.929,1.166,0.389
1927,0.202,0.067,0.925,0.443,0.148,0.917,2.016,0.673
1928,0.054,0.018,0.928,0.196,0.065,0.924,2.234,0.746
1929,0.01,0.003,0.928,0,0,0.929,1.451,0.484
1930,0,0,0.929,0,0,0.929,1.199,0.4
1931,0.01,0.003,0.928,0,0,0.929,1.42,0.474
1932,0,0,0.929,0,0,0.929,1.268,0.423
1933,0.038,0.013,0.928,0.098,0.033,0.927,1.288,0.43
1934,0,0,0.929,0,0,0.929,1.303,0.435
1935,0,0,0.929,0,0,0.929,1.546,0.516
1936,0.02,0.007,0.928,0,0,0.929,1.584,0.529
1937,0,0,0.929,0,0,0.929,1.247,0.416
1938,0.02,0.007,0.928,0,0,0.929,1.247,0.416
1939,0.67,0.224,0.908,0.567,0.189,0.913,2.479,0.828
1940,0.01,0.003,0.928,0.098,0.033,0.927,1.292,0.431
1941,0.01,0.003,0.928,0.098,0.033,0.927,1.388,0.463
1942,0.01,0.003,0.928,0,0,0.929,1.291,0.431
1943,0.043,0.014,0.928,0,0,0.929,1.728,0.577
1944,0.056,0.019,0.928,0,0,0.929,1.529,0.51
1945,0,0,0.929,0,0,0.929,1.43,0.477
1946,0.08,0.027,0.927,0,0,0.929,2.134,0.712
1947,0.028,0.009,0.928,0,0,0.929,1.75,0.584
1948,0,0,0.929,0,0,0.929,1.527,0.51
1949,0.033,0.011,0.928,0,0,0.929,2.435,0.813
1950,0,0,0.929,0,0,0.929,1.613,0.539
1951,0.105,0.035,0.926,0.098,0.033,0.927,2.536,0.847
1952,0.02,0.007,0.928,0.098,0.033,0.927,1.389,0.464
1953,0.02,0.007,0.928,0,0,0.929,1.808,0.604
1954,0,0,0.929,0,0,0.929,1.902,0.635
1955,0.01,0.003,0.928,0,0,0.929,2.062,0.688
1956,0.01,0.003,0.928,0,0,0.929,1.477,0.493
1957,0.01,0.003,0.928,0,0,0.929,1.458,0.487
1958,0.052,0.017,0.928,0,0,0.929,2.208,0.737
1959,0.07,0.023,0.928,0.168,0.056,0.926,2.198,0.734
1960,0,0,0.929,0,0,0.929,1.772,0.591
1961,0.02,0.007,0.928,0,0,0.929,1.704,0.569
1962,0,0,0.929,0,0,0.929,1.454,0.485
1963,0.01,0.003,0.928,0,0,0.929,1.278,0.427
1964,0,0,0.929,0,0,0.929,1.324,0.442
1965,0.01,0.003,0.928,0,0,0.929,1.246,0.416
1966,0,0,0.929,0,0,0.929,1.237,0.413
1967,0.02,0.007,0.928,0.098,0.033,0.927,1.805,0.603
1968,0,0,0.929,0,0,0.929,1.366,0.456
1969,0,0,0.929,0,0,0.929,1.235,0.412
1970,0.229,0.076,0.924,0.098,0.033,0.927,2.818,0.941
1971,0.01,0.003,0.928,0,0,0.929,1.961,0.655
1972,0,0,0.929,0,0,0.929,1.247,0.416
1973,0,0,0.929,0,0,0.929,1.609,0.537
1974,0.457,0.152,0.917,0.471,0.157,0.916,2.732,0.912
1975,0.043,0.014,0.928,0,0,0.929,1.876,0.626
1976,0.018,0.006,0.928,0,0,0.929,1.429,0.477
1977,0.236,0.079,0.924,0,0,0.929,2.87,0.958
1978,0.01,0.003,0.928,0.098,0.033,0.927,1.893,0.632
1979,0.096,0.032,0.927,0,0,0.929,1.757,0.586
1980,0.01,0.003,0.928,0,0,0.929,1.276,0.426
1981,0.033,0.011,0.928,0,0,0.929,1.372,0.458
1982,0.773,0.258,0.891,0.653,0.218,0.903,2.586,0.863
1983,0.728,0.243,0.902,0.367,0.122,0.92,2.861,0.955
1984,0.189,0.063,0.924,0,0,0.929,2.813,0.939
1985,0.038,0.013,0.928,0,0,0.929,2.284,0.762
1986,0,0,0.929,0,0,0.929,2.246,0.75
1987,0.243,0.081,0.923,0.098,0.033,0.927,2.779,0.928
1988,0.039,0.013,0.928,0,0,0.929,1.566,0.523
1989,0.018,0.006,0.928,0,0,0.929,1.72,0.574
1990,0.01,0.003,0.928,0,0,0.929,1.633,0.545
1991,0.081,0.027,0.927,0.168,0.056,0.926,2.1,0.701
1992,0.01,0.003,0.928,0,0,0.929,1.634,0.545
1993,0,0,0.929,0,0,0.929,1.307,0.436
1994,0.02,0.007,0.928,0,0,0.929,1.951,0.651
1995,0.01,0.003,0.928,0,0,0.929,1.38,0.461
1996,0.01,0.003,0.928,0,0,0.929,2.043,0.682
1997,0,0,0.929,0,0,0.929,1.339,0.447
1998,0.01,0.003,0.928,0,0,0.929,1.491,0.498
1999,0.01,0.003,0.928,0,0,0.929,1.593,0.532
2000,0.186,0.062,0.925,0.471,0.157,0.916,1.709,0.571
2001,0.07,0.023,0.928,0,0,0.929,1.604,0.535
2002,0.01,0.003,0.928,0,0,0.929,2.106,0.703
2003,0.036,0.012,0.928,0,0,0.929,1.598,0.534
2004,0,0,0.929,0,0,0.929,1.187,0.396
2005,0.01,0.003,0.928,0,0,0.929,2.559,0.854
2006,0.02,0.007,0.928,0,0,0.929,1.807,0.603
2007,0.02,0.007,0.928,0,0,0.929,2.328,0.777
2008,0.01,0.003,0.928,0,0,0.929,1.279,0.427
2009,0,0,0.929,0,0,0.929,1.279,0.427
2010,0.01,0.003,0.928,0.098,0.033,0.927,1.388,0.463
2011,0,0,0.929,0,0,0.929,1.25,0.417
2012,0.01,0.003,0.928,0.098,0.033,0.927,1.299,0.434
2013,0,0,0.929,0,0,0.929,1.231,0.411
2014,0.02,0.007,0.928,0,0,0.929,1.658,0.553
2015,0,0,0.929,0,0,0.929,1.279,0.427
2016,0,0,0.929,0,0,0.929,1.255,0.419
2017,0,0,0.929,0,0,0.929,1.267,0.423
2018,0,0,0.929,0,0,0.929,1.191,0.398
2019,0.018,0.006,0.928,0,0,0.929,1.471,0.491
2020,0,0,0.929,0,0,0.929,1.479,0.494
2021,0.02,0.007,0.928,0.098,0.033,0.927,1.315,0.439
2022,0.214,0.071,0.925,0.265,0.089,0.923,1.302,0.435
2023,0.101,0.034,0.927,0.098,0.033,0.927,1.529,0.51
2024,0.02,0.007,0.928,0.098,0.033,0.927,1.637,0.546
2025,0.02,0.007,0.928,0,0,0.929,1.345,0.449
2026,0,0,0.929,0,0,0.929,1.194,0.398
2027,0.066,0.022,0.928,0,0,0.929,1.785,0.596
2028,0.01,0.003,0.928,0,0,0.929,1.508,0.503
2029,0.01,0.003,0.928,0,0,0.929,1.831,0.611
2030,0,0,0.929,0,0,0.929,1.335,0.446
2031,0.049,0.017,0.928,0,0,0.929,1.816,0.606
2032,0,0,0.929,0,0,0.929,1.792,0.598
2033,0.167,0.056,0.925,0.098,0.033,0.927,1.644,0.549
2034,0,0,0.929,0,0,0.929,1.916,0.639
2035,0.153,0.051,0.926,0,0,0.929,1.84,0.614
2036,0.04,0.013,0.928,0.1,0.033,0.927,1.917,0.64
2037,0.02,0.007,0.928,0,0,0.929,1.418,0.473
2038,0.018,0.006,0.928,0,0,0.929,1.831,0.611
2039,0.04,0.013,0.928,0.098,0.033,0.927,2.296,0.767
2040,0.064,0.021,0.928,0.168,0.056,0.926,1.685,0.562
2041,0.01,0.003,0.928,0,0,0.929,1.403,0.468
2042,0,0,0.929,0,0,0.929,1.424,0.475
2043,0,0,0.929,0,0,0.929,1.37,0.457
2044,0.136,0.046,0.926,0,0,0.929,2.662,0.889
2045,0,0,0.929,0,0,0.929,1.675,0.559
2046,0.039,0.013,0.928,0,0,0.929,1.889,0.631
2047,0,0,0.929,0,0,0.929,1.719,0.574
2048,0.02,0.007,0.928,0,0,0.929,1.6,0.534
2049,0,0,0.929,0,0,0.929,1.449,0.484
2050,0.01,0.003,0.928,0,0,0.929,1.35,0.451
2051,0.01,0.003,0.928,0,0,0.929,1.333,0.445
2052,0,0,0.929,0,0,0.929,1.476,0.493
2053,0,0,0.929,0,0,0.929,1.415,0.472
2054,0.01,0.003,0.928,0,0,0.929,1.738,0.58
2055,0,0,0.929,0,0,0.929,1.64,0.547
2056,0,0,0.929,0,0,0.929,1.676,0.559
2057,0.01,0.003,0.928,0,0,0.929,1.657,0.553
2058,0.01,0.003,0.928,0,0,0.929,1.309,0.437
2059,0.018,0.006,0.928,0,0,0.929,2.35,0.784
2060,0.742,0.248,0.897,0.653,0.218,0.903,1.916,0.639
2061,0.068,0.023,0.927,0,0,0.929,2.429,0.811
2062,0.074,0.025,0.928,0.279,0.093,0.923,1.672,0.558
2063,0,0,0.929,0,0,0.929,1.587,0.53
2064,0,0,0.929,0,0,0.929,2.216,0.74
2065,0.523,0.175,0.914,0.593,0.198,0.909,2.464,0.822
2066,0.036,0.012,0.928,0,0,0.929,2.535,0.846
2067,0,0,0.929,0,0,0.929,1.469,0.49
2068,0,0,0.929,0,0,0.929,1.647,0.55
2069,0.115,0.038,0.926,0.098,0.033,0.927,2.758,0.921
2070,0.036,0.012,0.928,0,0,0.929,2.069,0.691
2071,0,0,0.929,0,0,0.929,1.623,0.542
2072,0.345,0.115,0.921,0.44,0.147,0.917,2.519,0.841
2073,0.862,0.288,0.897,0.631,0.211,0.91,2.843,0.949
2074,0,0,0.929,0,0,0.929,1.567,0.523
2075,0,0,0.929,0,0,0.929,1.474,0.492
2076,0.02,0.007,0.928,0,0,0.929,1.715,0.573
2077,0.278,0.093,0.923,0.324,0.108,0.921,2.586,0.863
2078,0.02,0.007,0.928,0,0,0.929,1.628,0.543
2079,0,0,0.929,0,0,0.929,1.492,0.498
2080,0,0,0.929,0,0,0.929,1.537,0.513
2081,0.01,0.003,0.928,0,0,0.929,1.954,0.652
2082,0,0,0.929,0,0,0.929,1.547,0.516
2083,0,0,0.929,0,0,0.929,1.401,0.468
2084,0.039,0.013,0.928,0,0,0.929,2.126,0.71
2085,0.182,0.061,0.925,0,0,0.929,2.647,0.884
2086,0.216,0.072,0.922,0.546,0.182,0.913,2.717,0.907
2087,0,0,0.929,0,0,0.929,1.709,0.571
2088,0.071,0.024,0.927,0.098,0.033,0.927,2.218,0.74
2089,0.043,0.014,0.928,0,0,0.929,2.252,0.752
2090,0.01,0.003,0.928,0,0,0.929,1.884,0.629
2091,0.049,0.017,0.928,0.098,0.033,0.927,1.838,0.614
2092,0.01,0.003,0.928,0,0,0.929,1.579,0.527
2093,0.667,0.223,0.908,0.573,0.191,0.91,2.716,0.907
2094,0.018,0.006,0.928,0,0,0.929,1.726,0.576
2095,0.108,0.036,0.927,0.196,0.065,0.924,2.051,0.685
2096,0,0,0.929,0,0,0.929,1.98,0.661
2097,0.01,0.003,0.928,0,0,0.929,1.546,0.516
2098,0,0,0.929,0,0,0.929,1.403,0.468
2099,0,0,0.929,0,0,0.929,1.597,0.533
2100,0.01,0.003,0.928,0,0,0.929,1.52,0.507
2101,0.081,0.027,0.927,0,0,0.929,1.661,0.554
2102,0,0,0.929,0,0,0.929,1.535,0.512
2103,0.01,0.003,0.928,0,0,0.929,1.399,0.467
2104,0.137,0.046,0.926,0.279,0.093,0.923,1.773,0.592
2105,0,0,0.929,0,0,0.929,1.461,0.488
2106,0.102,0.034,0.927,0.367,0.122,0.92,1.585,0.529
2107,0.01,0.003,0.928,0,0,0.929,2.461,0.821
2108,0.054,0.018,0.928,0,0,0.929,1.731,0.578
2109,0.01,0.003,0.928,0,0,0.929,1.616,0.539
2110,0,0,0.929,0,0,0.929,1.672,0.558
2111,0,0,0.929,0,0,0.929,1.678,0.56
2112,0.235,0.078,0.924,0.227,0.076,0.924,1.813,0.605
2113,0,0,0.929,0,0,0.929,1.684,0.562
2114,0,0,0.929,0,0,0.929,1.794,0.599
2115,0,0,0.929,0,0,0.929,1.908,0.637
2116,0,0,0.929,0,0,0.929,1.923,0.642
2117,0,0,0.929,0,0,0.929,1.579,0.527
2118,0,0,0.929,0,0,0.929,1.225,0.409
2119,0.228,0.076,0.924,0.367,0.122,0.92,2.069,0.691
2120,0.043,0.014,0.928,0,0,0.929,1.477,0.493
2121,0,0,0.929,0,0,0.929,1.352,0.451
2122,0.219,0.073,0.923,0,0,0.929,2.537,0.847
2123,0.01,0.003,0.928,0,0,0.929,1.154,0.385
2124,0.01,0.003,0.928,0,0,0.929,1.101,0.368
2125,0.046,0.015,0.928,0,0,0.929,1.311,0.438
2126,0.01,0.003,0.928,0,0,0.929,0.991,0.331
2127,0.01,0.003,0.928,0,0,0.929,1.236,0.413
2128,0,0,0.929,0,0,0.929,1.319,0.44
2129,0.01,0.003,0.928,0.098,0.033,0.927,1.134,0.378
2130,0.026,0.009,0.928,0,0,0.929,1.487,0.496
2131,0.043,0.014,0.928,0,0,0.929,1.4,0.467
2132,0.075,0.025,0.928,0.098,0.033,0.927,1.452,0.485
2133,0.046,0.015,0.928,0,0,0.929,2.556,0.853
2134,0.01,0.003,0.928,0,0,0.929,1.052,0.351
2135,0.028,0.009,0.928,0.168,0.056,0.926,2.173,0.725
2136,0.036,0.012,0.928,0,0,0.929,2.268,0.757
2137,0,0,0.929,0,0,0.929,1.056,0.352
2138,0,0,0.929,0,0,0.929,1.348,0.45
2139,0,0,0.929,0,0,0.929,2.37,0.791
2140,0.01,0.003,0.928,0,0,0.929,1.374,0.459
2141,0,0,0.929,0,0,0.929,1.053,0.351
2142,0,0,0.929,0,0,0.929,0.979,0.327
2143,0.088,0.029,0.927,0.196,0.065,0.924,2.721,0.908
2144,0.01,0.003,0.928,0.098,0.033,0.927,1.412,0.471
2145,0,0,0.929,0,0,0.929,0.936,0.313
2146,0,0,0.929,0,0,0.929,1.062,0.355
2147,0,0,0.929,0,0,0.929,0.907,0.303
2148,0.046,0.015,0.928,0.098,0.033,0.927,1.703,0.568
2149,0,0,0.929,0,0,0.929,0.903,0.301
2150,0.046,0.015,0.928,0,0,0.929,2.159,0.721
2151,0.938,0.313,0.886,0.853,0.285,0.894,2.848,0.951
2152,0.132,0.044,0.925,0.098,0.033,0.927,2.078,0.694
2153,0,0,0.929,0,0,0.929,0.842,0.281
2154,0.1,0.034,0.926,0.227,0.076,0.924,2.41,0.804
2155,0.072,0.024,0.927,0,0,0.929,2.361,0.788
2156,0.01,0.003,0.928,0,0,0.929,0.971,0.324
2157,0.745,0.249,0.895,0.641,0.214,0.904,1.853,0.618
2158,1.381,0.461,0.851,1.456,0.486,0.836,2.306,0.77
2159,0.213,0.071,0.925,0.098,0.033,0.927,1.962,0.655
2160,0.086,0.029,0.927,0,0,0.929,1.164,0.389
2161,0.02,0.007,0.928,0,0,0.929,0.919,0.307
2162,0.018,0.006,0.928,0,0,0.929,1.72,0.574
2163,0.091,0.03,0.927,0.098,0.033,0.927,1.647,0.55
2164,0.036,0.012,0.928,0.098,0.033,0.927,1.661,0.554
2165,0.107,0.036,0.927,0.098,0.033,0.927,1.518,0.507
2166,0,0,0.929,0,0,0.929,0.803,0.268
2167,0.03,0.01,0.928,0,0,0.929,1.07,0.357
2168,0,0,0.929,0,0,0.929,1.436,0.479
2169,0,0,0.929,0,0,0.929,1.439,0.48
2170,0.602,0.201,0.91,0.659,0.22,0.909,2.755,0.92
2171,0.091,0.03,0.927,0.098,0.033,0.927,1.167,0.39
2172,0,0,0.929,0,0,0.929,0.759,0.253
2173,0.058,0.019,0.928,0.098,0.033,0.927,2.052,0.685
2174,0.039,0.013,0.928,0,0,0.929,1.109,0.37
2175,0.091,0.03,0.927,0,0,0.929,1.69,0.564
2176,0.138,0.046,0.926,0.196,0.065,0.924,2.455,0.82
2177,0.01,0.003,0.928,0.098,0.033,0.927,0.656,0.219
2178,0,0,0.929,0,0,0.929,0.651,0.217
2179,0,0,0.929,0,0,0.929,0.972,0.324
2180,0.21,0.07,0.925,0.098,0.033,0.927,1.999,0.667
2181,0.01,0.003,0.928,0,0,0.929,0.858,0.287
2182,0.02,0.007,0.928,0,0,0.929,1.322,0.441
2183,0.03,0.01,0.928,0,0,0.929,1.022,0.341
2184,0.04,0.013,0.928,0,0,0.929,2.336,0.78
2185,0.018,0.006,0.928,0,0,0.929,0.756,0.252