Site,EVC_Entropy,Number_of_Residues,Amino_Acid_or_Gap,protein,virus
1,0.013672816,2,M,VP4,PV1
2,0.013672816,2,G,VP4,PV1
3,0.025602305,3,A,VP4,PV1
4,0.013672816,2,Q,VP4,PV1
5,0.013672816,2,V,VP4,PV1
6,0.013672816,2,S,VP4,PV1
7,0.277788706,4,S,VP4,PV1
8,0.013672816,2,Q,VP4,PV1
9,0.127098818,4,K,VP4,PV1
10,0.325580523,6,V,VP4,PV1
11,0.021295709,3,G,VP4,PV1
12,0.240510359,4,A,VP4,PV1
13,0.021295709,3,H,VP4,PV1
14,0.032761884,3,E,VP4,PV1
15,0.013672816,2,N,VP4,PV1
16,0.386283366,5,T,VP4,PV1
17,0.013672816,2,N,VP4,PV1
18,0.375865393,7,V,VP4,PV1
19,0.013672816,2,A,VP4,PV1
20,0.393277457,6,T,VP4,PV1
21,0.133688406,6,G,VP4,PV1
22,0.013672816,2,G,VP4,PV1
23,0.013672816,2,S,VP4,PV1
24,0.013672816,2,T,VP4,PV1
25,0.242961415,3,V,VP4,PV1
26,0.028914647,4,N,VP4,PV1
27,0.013672816,2,Y,VP4,PV1
28,0.013672816,2,T,VP4,PV1
29,0.013672816,2,T,VP4,PV1
30,0.021295709,3,I,VP4,PV1
31,0.013672816,2,N,VP4,PV1
32,0.013672816,2,Y,VP4,PV1
33,0.013672816,2,Y,VP4,PV1
34,0.118910974,3,K,VP4,PV1
35,0.013672816,2,D,VP4,PV1
36,0.013672816,2,S,VP4,PV1
37,0.013672816,2,A,VP4,PV1
38,0.013672816,2,S,VP4,PV1
39,0.013672816,2,N,VP4,PV1
40,0.181139666,3,A,VP4,PV1
41,0.013672816,2,A,VP4,PV1
42,0.280632958,5,S,VP4,PV1
43,0.102701319,3,K,VP4,PV1
44,0.208161582,4,Q,VP4,PV1
45,0.028914647,4,D,VP4,PV1
46,0.180556085,4,F,VP4,PV1
47,0.042548211,3,S,VP4,PV1
48,0.013672816,2,Q,VP4,PV1
49,0.013672816,2,D,VP4,PV1
50,0.013672816,2,P,VP4,PV1
51,0.021295709,3,S,VP4,PV1
52,0.013672816,2,K,VP4,PV1
53,0.013672816,2,F,VP4,PV1
54,0.013672816,2,T,VP4,PV1
55,0.013672816,2,E,VP4,PV1
56,0.013672816,2,P,VP4,PV1
57,0.220315051,6,V,VP4,PV1
58,0.013672816,2,K,VP4,PV1
59,0.013672816,2,D,VP4,PV1
60,0.324608812,5,I,VP4,PV1
61,0.217772458,4,M,VP4,PV1
62,0.273460305,5,I,VP4,PV1
63,0.007630763,2,K,VP4,PV1
64,0.237774439,3,S,VP4,PV1
65,0.007630763,2,A,VP4,PV1
66,0.007630763,2,P,VP4,PV1
67,0.112984786,3,A,VP4,PV1
68,0.015257598,3,L,VP4,PV1
69,0.007630763,2,N,VP4,PV1
70,0.007630763,2,S,VP2,PV1
71,0.007630763,2,P,VP2,PV1
72,0.021295709,3,N,VP2,PV1
73,0.237774439,3,I,VP2,PV1
74,0.007630763,2,E,VP2,PV1
75,0.007630763,2,A,VP2,PV1
76,0.007630763,2,C,VP2,PV1
77,0.007630763,2,G,VP2,PV1
78,0.022880491,4,Y,VP2,PV1
79,0.012535526,2,S,VP2,PV1
80,0.007630763,2,D,VP2,PV1
81,0.012535526,2,R,VP2,PV1
82,0.020162361,3,V,VP2,PV1
83,0.385183814,5,L,VP2,PV1
84,0.007630763,2,Q,VP2,PV1
85,0.217756501,3,L,VP2,PV1
86,0.007630763,2,T,VP2,PV1
87,0.015257598,3,L,VP2,PV1
88,0.007630763,2,G,VP2,PV1
89,0.007630763,2,N,VP2,PV1
90,0.007630763,2,S,VP2,PV1
91,0.007630763,2,T,VP2,PV1
92,0.015257598,3,I,VP2,PV1
93,0.007630763,2,T,VP2,PV1
94,0.015257598,3,T,VP2,PV1
95,0.007630763,2,Q,VP2,PV1
96,0.013672816,2,E,VP2,PV1
97,0.007630763,2,A,VP2,PV1
98,0.015257598,3,A,VP2,PV1
99,0.015257598,3,N,VP2,PV1
100,0.254741838,4,A,VP2,PV1
101,0.102364144,3,V,VP2,PV1
102,0.138639738,4,V,VP2,PV1
103,0.150900444,3,A,VP2,PV1
104,0.007630763,2,Y,VP2,PV1
105,0.007630763,2,G,VP2,PV1
106,0.406294931,6,E,VP2,PV1
107,0.007630763,2,W,VP2,PV1
108,0.007630763,2,P,VP2,PV1
109,0.471767103,10,S,VP2,PV1
110,0.22700565,4,Y,VP2,PV1
111,0.198672124,3,L,VP2,PV1
112,0.558886734,9,N,VP2,PV1
113,0.304802792,5,D,VP2,PV1
114,0.637076857,12,K,VP2,PV1
115,0.201009228,3,E,VP2,PV1
116,0.015257598,3,A,VP2,PV1
117,0.007630763,2,N,VP2,PV1
118,0.031775268,3,P,VP2,PV1
119,0.109892404,4,V,VP2,PV1
120,0.007630763,2,D,VP2,PV1
121,0.236561927,3,A,VP2,PV1
122,0.007630763,2,P,VP2,PV1
123,0.007630763,2,T,VP2,PV1
124,0.141349684,5,E,VP2,PV1
125,0.007630763,2,P,VP2,PV1
126,0.021295709,3,D,VP2,PV1
127,0.241627742,5,V,VP2,PV1
128,0.204365094,3,S,VP2,PV1
129,0.318682546,5,A,VP2,PV1
130,0.257945196,4,N,VP2,PV1
131,0.007630763,2,R,VP2,PV1
132,0.007630763,2,F,VP2,PV1
133,0.007630763,2,Y,VP2,PV1
134,0.007630763,2,T,VP2,PV1
135,0.007630763,2,L,VP2,PV1
136,0.329446361,6,D,VP2,PV1
137,0.22016033,3,S,VP2,PV1
138,0.085120458,4,V,VP2,PV1
139,0.671585618,12,Q,VP2,PV1
140,0.007630763,2,W,VP2,PV1
141,0.700350292,11,K,VP2,PV1
142,0.479410985,9,K,VP2,PV1
143,0.517319199,8,E,VP2,PV1
144,0.007630763,2,S,VP2,PV1
145,0.238120329,3,R,VP2,PV1
146,0.007630763,2,G,VP2,PV1
147,0.007630763,2,W,VP2,PV1
148,0.007630763,2,W,VP2,PV1
149,0.007630763,2,W,VP2,PV1
150,0.007630763,2,K,VP2,PV1
151,0.007630763,2,L,VP2,PV1
152,0.007630763,2,P,VP2,PV1
153,0.007630763,2,D,VP2,PV1
154,0.172177638,3,A,VP2,PV1
155,-0.397221891,2,Gap,VP2,PV1
156,0.015257598,3,L,VP2,PV1
157,0.152827391,3,K,VP2,PV1
158,0.026731698,3,D,VP2,PV1
159,0,1,M,VP2,PV1
160,0,1,G,VP2,PV1
161,0.226847603,2,L,VP2,PV1
162,0.007630763,2,F,VP2,PV1
163,0,1,G,VP2,PV1
164,0,1,Q,VP2,PV1
165,0.007630763,2,N,VP2,PV1
166,0,1,M,VP2,PV1
167,0.19925661,2,Y,VP2,PV1
168,0.053566614,2,Y,VP2,PV1
169,0,1,H,VP2,PV1
170,0,1,Y,VP2,PV1
171,0,1,L,VP2,PV1
172,0,1,G,VP2,PV1
173,0,1,R,VP2,PV1
174,0.187712083,2,S,VP2,PV1
175,0,1,G,VP2,PV1
176,0.007630763,2,Y,VP2,PV1
177,0,1,T,VP2,PV1
178,0.129065949,2,V,VP2,PV1
179,0,1,H,VP2,PV1
180,0.019112761,2,V,VP2,PV1
181,0,1,Q,VP2,PV1
182,0,1,C,VP2,PV1
183,0,1,N,VP2,PV1
184,0.007630763,2,A,VP2,PV1
185,0.028915021,2,S,VP2,PV1
186,0,1,K,VP2,PV1
187,0.007630763,2,F,VP2,PV1
188,0,1,H,VP2,PV1
189,0,1,Q,VP2,PV1
190,0,1,G,VP2,PV1
191,0.281605552,3,A,VP2,PV1
192,0.007630763,2,L,VP2,PV1
193,0.332128289,7,G,VP2,PV1
194,0.019112761,2,V,VP2,PV1
195,0.176979259,2,F,VP2,PV1
196,0.093858647,3,A,VP2,PV1
197,0.215261378,2,I,VP2,PV1
198,0,1,P,VP2,PV1
199,0.007630763,2,E,VP2,PV1
200,0.365282198,4,Y,VP2,PV1
201,0.364868464,4,C,VP2,PV1
202,0.278721835,3,M,VP2,PV1
203,0.139583684,3,A,VP2,PV1
204,0.416372538,4,G,VP2,PV1
205,0.226056801,2,N,VP2,PV1
206,0.270578277,4,S,VP2,PV1
207,0.601346444,10,Gap,VP2,PV1
208,0.591121028,11,T,VP2,PV1
209,0.405393796,9,K,VP2,PV1
210,0.337215481,7,T,VP2,PV1
211,0.499477529,6,S,VP2,PV1
212,0.295171081,5,Y,VP2,PV1
213,0.346525723,3,T,VP2,PV1
214,0.280890271,6,S,VP2,PV1
215,0,1,Y,VP2,PV1
216,0.607817039,10,V,VP2,PV1
217,0.237533581,7,N,VP2,PV1
218,0.007630763,2,A,VP2,PV1
219,0.007630763,2,N,VP2,PV1
220,0.006489544,2,P,VP2,PV1
221,0,1,G,VP2,PV1
222,0.007630763,2,E,VP2,PV1
223,0.524535629,11,K,VP2,PV1
224,0,1,G,VP2,PV1
225,0,1,G,VP2,PV1
226,0.581018382,10,T,VP2,PV1
227,0,1,F,VP2,PV1
228,0.61193415,11,T,VP2,PV1
229,0.595118585,9,S,VP2,PV1
230,0.570501701,11,T,VP2,PV1
231,0.271649453,3,F,VP2,PV1
232,0.416171925,9,T,VP2,PV1
233,0.304497955,11,P,VP2,PV1
234,0.429954376,7,S,VP2,PV1
235,0.517938322,9,T,VP2,PV1
236,0.665714828,11,T,VP2,PV1
237,0.646517208,11,A,VP2,PV1
238,0.693884517,13,T,VP2,PV1
239,0.595033049,9,S,VP2,PV1
240,0.544766462,10,P,VP2,PV1
241,0.497189931,8,K,VP2,PV1
242,0.176979259,2,R,VP2,PV1
243,0.550992954,9,K,VP2,PV1
244,0,1,F,VP2,PV1
245,0.357259432,5,A,VP2,PV1
246,0.215981119,2,P,VP2,PV1
247,0.355245435,4,V,VP2,PV1
248,0,1,D,VP2,PV1
249,0.176979259,2,Y,VP2,PV1
250,0.060771019,2,L,VP2,PV1
251,0.214524333,2,L,VP2,PV1
252,0,1,G,VP2,PV1
253,0.236276918,3,C,VP2,PV1
254,0,1,G,VP2,PV1
255,0.092046905,2,V,VP2,PV1
256,0.175538289,2,L,VP2,PV1
257,0.353110572,7,A,VP2,PV1
258,0,1,G,VP2,PV1
259,0,1,N,VP2,PV1
260,0.18763777,3,A,VP2,PV1
261,0.184321604,3,F,VP2,PV1
262,0.071805869,3,V,VP2,PV1
263,-0.405585686,1,Gap,VP2,PV1
264,-0.405585686,1,Gap,VP2,PV1
265,-0.405585686,1,Gap,VP2,PV1
266,0.207544916,3,F,VP2,PV1
267,0,1,P,VP2,PV1
268,-0.397221891,2,Gap,VP2,PV1
269,-0.397221891,2,Gap,VP2,PV1
270,-0.397221891,2,Gap,VP2,PV1
271,-0.397221891,2,Gap,VP2,PV1
272,-0.397221891,2,Gap,VP2,PV1
273,-0.397221891,2,Gap,VP2,PV1
274,-0.397221891,2,Gap,VP2,PV1
275,0,1,H,VP2,PV1
276,0,1,Q,VP2,PV1
277,0.089826439,4,I,VP2,PV1
278,0.007630763,2,I,VP2,PV1
279,0.007630763,2,N,VP2,PV1
280,0.007630763,2,L,VP2,PV1
281,0.022880491,4,R,VP2,PV1
282,0.007630763,2,T,VP2,PV1
283,0,1,N,VP2,PV1
284,0,1,N,VP2,PV1
285,0.230594601,2,S,VP2,PV1
286,0,1,A,VP2,PV1
287,0,1,T,VP2,PV1
288,0.117757579,2,L,VP2,PV1
289,0.013672816,2,V,VP2,PV1
290,0.090909307,3,L,VP2,PV1
291,0,1,P,VP2,PV1
292,0,1,Y,VP2,PV1
293,0,1,V,VP2,PV1
294,0,1,N,VP2,PV1
295,0.092046905,2,S,VP2,PV1
296,0.327196928,6,L,VP2,PV1
297,0.297710284,3,A,VP2,PV1
298,0.176979259,2,I,VP2,PV1
299,0,1,D,VP2,PV1
300,0.207994618,2,C,VP2,PV1
301,0,1,M,VP2,PV1
302,0.21048854,3,A,VP2,PV1
303,0.060771019,2,K,VP2,PV1
304,0,1,H,VP2,PV1
305,0,1,N,VP2,PV1
306,0,1,N,VP2,PV1
307,0,1,W,VP2,PV1
308,0,1,G,VP2,PV1
309,0.240905232,3,I,VP2,PV1
310,0.244608347,3,V,VP2,PV1
311,0.135428922,2,I,VP2,PV1
312,0.299348344,4,L,VP2,PV1
313,0,1,P,VP2,PV1
314,0.248772634,3,L,VP2,PV1
315,0.5102783,6,S,VP2,PV1
316,0.315698641,5,P,VP2,PV1
317,0,1,L,VP2,PV1
318,0.478322152,8,D,VP2,PV1
319,0.291558156,3,F,VP2,PV1
320,0.503309926,10,A,VP2,PV1
321,0.644356964,11,P,VP2,PV1
322,0.629745693,8,D,VP2,PV1
323,0.234223024,3,S,VP2,PV1
324,0.152021836,4,S,VP2,PV1
325,0.378066987,7,T,VP2,PV1
326,0.542259601,11,E,VP2,PV1
327,0.317356018,3,I,VP2,PV1
328,0,1,P,VP2,PV1
329,0.013672816,2,I,VP2,PV1
330,0,1,T,VP2,PV1
331,0.24492079,3,V,VP2,PV1
332,0,1,T,VP2,PV1
333,0.094831603,2,I,VP2,PV1
334,0,1,A,VP2,PV1
335,0,1,P,VP2,PV1
336,0.015257598,3,M,VP2,PV1
337,0.210763834,3,C,VP2,PV1
338,0.342974872,5,C,VP2,PV1
339,0,1,E,VP2,PV1
340,0,1,F,VP2,PV1
341,0.007630763,2,N,VP2,PV1
342,-0.397221891,2,Gap,VP2,PV1
343,0.007630763,2,G,VP2,PV1
344,0,1,L,VP2,PV1
345,0,1,R,VP2,PV1
346,0.206343704,4,N,VP2,PV1
347,0.378845074,6,I,VP2,PV1
348,0.021747143,4,T,VP2,PV1
349,0.516942951,7,I,VP2,PV1
350,0,1,P,VP2,PV1
351,0.535612616,9,A,VP2,PV1
352,0.419584642,9,T,VP2,PV1
353,0,1,Q,VP2,PV1
354,0,1,G,VP3,PV1
355,0,1,L,VP3,PV1
356,0,1,P,VP3,PV1
357,0.22016033,3,V,VP3,PV1
358,0.187712083,2,M,VP3,PV1
359,0.390074439,6,N,VP3,PV1
360,0.094831603,2,T,VP3,PV1
361,0,1,P,VP3,PV1
362,0,1,G,VP3,PV1
363,0,1,S,VP3,PV1
364,0.190228014,4,N,VP3,PV1
365,0.007630763,2,Q,VP3,PV1
366,0.231378213,2,F,VP3,PV1
367,0,1,L,VP3,PV1
368,0.053566614,2,T,VP3,PV1
369,0.235049992,3,S,VP3,PV1
370,0.007630763,2,D,VP3,PV1
371,0.213769901,2,N,VP3,PV1
372,0.135953749,3,F,VP3,PV1
373,0.007630763,2,Q,VP3,PV1
374,0,1,S,VP3,PV1
375,0,1,P,VP3,PV1
376,0.007630763,2,C,VP3,PV1
377,0.060771019,2,A,VP3,PV1
378,0.207582707,4,L,VP3,PV1
379,0,1,P,VP3,PV1
380,0.35622404,5,E,VP3,PV1
381,0.078466235,3,F,VP3,PV1
382,0,1,D,VP3,PV1
383,0.013672816,2,V,VP3,PV1
384,0.019112761,2,T,VP3,PV1
385,0.246431116,4,P,VP3,PV1
386,0.239672728,4,P,VP3,PV1
387,0.021295709,3,I,VP3,PV1
388,0.388658337,4,H,VP3,PV1
389,0,1,I,VP3,PV1
390,0.007630763,2,P,VP3,PV1
391,0,1,G,VP3,PV1
392,0,1,E,VP3,PV1
393,0.007630763,2,V,VP3,PV1
394,0.304575056,6,K,VP3,PV1
395,0,1,N,VP3,PV1
396,0.244721834,4,M,VP3,PV1
397,0,1,M,VP3,PV1
398,0,1,E,VP3,PV1
399,0.185148069,4,L,VP3,PV1
400,0,1,A,VP3,PV1
401,0.007630763,2,E,VP3,PV1
402,0.074118489,2,I,VP3,PV1
403,0.015257598,3,D,VP3,PV1
404,0.193734454,2,T,VP3,PV1
405,0.35325933,4,M,VP3,PV1
406,0.070900006,2,I,VP3,PV1
407,0,1,P,VP3,PV1
408,0.282657548,4,M,VP3,PV1
409,0.185158244,2,N,VP3,PV1
410,0.374102897,5,L,VP3,PV1
411,0.522326827,7,V,VP3,PV1
412,0.685508055,11,A,VP3,PV1
413,0.456014434,12,G,VP3,PV1
414,0.209551898,7,K,VP3,PV1
415,0.483564298,6,K,VP3,PV1
416,0.037760707,2,N,VP3,PV1
417,0.241253261,6,T,VP3,PV1
418,0.007630763,2,M,VP3,PV1
419,0.303616607,6,E,VP3,PV1
420,0.176979259,2,M,VP3,PV1
421,0.007630763,2,Y,VP3,PV1
422,0.318057084,4,R,VP3,PV1
423,0.22883483,2,I,VP3,PV1
424,0.447396906,8,P,VP3,PV1
425,0.163763747,3,L,VP3,PV1
426,0.61534299,9,S,VP3,PV1
427,0.486492289,7,D,VP3,PV1
428,0.640269608,11,S,VP3,PV1
429,0.350782996,12,Gap,VP3,PV1
430,0.654855428,12,A,VP3,PV1
431,0.591957918,11,Gap,VP3,PV1
432,0.683369642,12,Gap,VP3,PV1
433,0.687538121,13,D,VP3,PV1
434,0.686672479,13,D,VP3,PV1
435,0.218835671,3,P,VP3,PV1
436,0.007630763,2,I,VP3,PV1
437,0.229613353,2,F,VP3,PV1
438,0.277207396,3,C,VP3,PV1
439,0.212692081,4,L,VP3,PV1
440,0.007630763,2,S,VP3,PV1
441,0,1,L,VP3,PV1
442,0,1,S,VP3,PV1
443,0,1,P,VP3,PV1
444,0.037760707,2,A,VP3,PV1
445,0.212991294,5,S,VP3,PV1
446,0.072379862,4,D,VP3,PV1
447,0.554858358,9,P,VP3,PV1
448,0,1,R,VP3,PV1
449,0.015257598,3,L,VP3,PV1
450,0.307434458,5,S,VP3,PV1
451,0.348499412,4,Y,VP3,PV1
452,0,1,T,VP3,PV1
453,0.117757579,2,M,VP3,PV1
454,0.026731698,3,L,VP3,PV1
455,0,1,G,VP3,PV1
456,0,1,E,VP3,PV1
457,0.148754525,3,I,VP3,PV1
458,0,1,L,VP3,PV1
459,0,1,N,VP3,PV1
460,0,1,Y,VP3,PV1
461,0.0241603,2,Y,VP3,PV1
462,0.013672816,2,T,VP3,PV1
463,0,1,H,VP3,PV1
464,0,1,W,VP3,PV1
465,0.309288015,4,A,VP3,PV1
466,0,1,G,VP3,PV1
467,0,1,S,VP3,PV1
468,0.227234472,3,L,VP3,PV1
469,0.211401432,2,K,VP3,PV1
470,0.100247155,2,F,VP3,PV1
471,0.139507517,2,T,VP3,PV1
472,0,1,F,VP3,PV1
473,0,1,L,VP3,PV1
474,0,1,F,VP3,PV1
475,0,1,C,VP3,PV1
476,0,1,G,VP3,PV1
477,0,1,S,VP3,PV1
478,0.053566614,2,M,VP3,PV1
479,0,1,M,VP3,PV1
480,0,1,A,VP3,PV1
481,0,1,T,VP3,PV1
482,0.007630763,2,G,VP3,PV1
483,0.007630763,2,K,VP3,PV1
484,0.230853215,3,L,VP3,PV1
485,0.107771117,3,L,VP3,PV1
486,0.309134795,4,L,VP3,PV1
487,0.296980727,4,S,VP3,PV1
488,0.007630763,2,Y,VP3,PV1
489,0.265419442,4,S,VP3,PV1
490,0.007630763,2,P,VP3,PV1
491,0.007630763,2,P,VP3,PV1
492,0.007630763,2,G,VP3,PV1
493,0.007630763,2,A,VP3,PV1
494,0.468664257,6,K,VP3,PV1
495,0.041042561,3,P,VP3,PV1
496,0.007630763,2,P,VP3,PV1
497,0.484066244,9,T,VP3,PV1
498,0.439113362,5,T,VP3,PV1
499,0.007630763,2,R,VP3,PV1
500,0.007630763,2,K,VP3,PV1
501,0.366499555,7,E,VP3,PV1
502,0.007630763,2,A,VP3,PV1
503,0.007630763,2,M,VP3,PV1
504,0.007630763,2,L,VP3,PV1
505,0,1,G,VP3,PV1
506,0.015257598,3,T,VP3,PV1
507,0,1,H,VP3,PV1
508,-0.397221891,2,Gap,VP3,PV1
509,-0.397221891,2,Gap,VP3,PV1
510,-0.397221891,2,Gap,VP3,PV1
511,-0.397221891,2,Gap,VP3,PV1
512,-0.397221891,2,Gap,VP3,PV1
513,-0.397221891,2,Gap,VP3,PV1
514,-0.397221891,2,Gap,VP3,PV1
515,-0.397221891,2,Gap,VP3,PV1
516,-0.397221891,2,Gap,VP3,PV1
517,-0.397221891,2,Gap,VP3,PV1
518,-0.397221891,2,Gap,VP3,PV1
519,-0.397221891,2,Gap,VP3,PV1
520,0.35596144,4,V,VP3,PV1
521,0.045363683,3,I,VP3,PV1
522,0.007630763,2,W,VP3,PV1
523,0.007630763,2,D,VP3,PV1
524,0.33392072,4,I,VP3,PV1
525,0,1,G,VP3,PV1
526,0.007630763,2,L,VP3,PV1
527,0.007630763,2,Q,VP3,PV1
528,0.007630763,2,S,VP3,PV1
529,0.007630763,2,S,VP3,PV1
530,0.251396131,3,C,VP3,PV1
531,0.093858647,3,T,VP3,PV1
532,0.144937023,3,M,VP3,PV1
533,0.132132288,3,V,VP3,PV1
534,0.236325379,3,A,VP3,PV1
535,0.007630763,2,P,VP3,PV1
536,0.007630763,2,W,VP3,PV1
537,0.015257598,3,I,VP3,PV1
538,0.007630763,2,S,VP3,PV1
539,0,1,N,VP3,PV1
540,0.256524669,5,T,VP3,PV1
541,0.588378448,8,V,VP3,PV1
542,0.0241603,2,Y,VP3,PV1
543,0,1,R,VP3,PV1
544,0.167655876,4,R,VP3,PV1
545,0.278721835,3,C,VP3,PV1
546,0.388632853,6,V,VP3,PV1
547,0.311716416,7,K,VP3,PV1
548,0,1,D,VP3,PV1
549,0.154618292,2,D,VP3,PV1
550,0.064231372,2,F,VP3,PV1
551,0.053566614,2,T,VP3,PV1
552,0.068349629,3,E,VP3,PV1
553,0.007630763,2,G,VP3,PV1
554,0,1,G,VP3,PV1
555,0.07726553,2,Y,VP3,PV1
556,0.007630763,2,I,VP3,PV1
557,0.33525254,3,S,VP3,PV1
558,0.407139548,4,C,VP3,PV1
559,0,1,F,VP3,PV1
560,0,1,Y,VP3,PV1
561,0,1,Q,VP3,PV1
562,0,1,T,VP3,PV1
563,0.330944668,4,R,VP3,PV1
564,0.107771117,3,I,VP3,PV1
565,0.067605887,2,V,VP3,PV1
566,0,1,V,VP3,PV1
567,0,1,P,VP3,PV1
568,0.458197705,6,A,VP3,PV1
569,0.288748902,6,S,VP3,PV1
570,0.117757579,2,T,VP3,PV1
571,0,1,P,VP3,PV1
572,0.331995211,8,T,VP3,PV1
573,0.640990985,9,S,VP3,PV1
574,0,1,M,VP3,PV1
575,0.50019137,9,D,VP3,PV1
576,0.265834994,4,M,VP3,PV1
577,0.0241603,2,L,VP3,PV1
578,0.368936411,4,A,VP3,PV1
579,0.015257598,3,F,VP3,PV1
580,0.061113682,4,V,VP3,PV1
581,0,1,S,VP3,PV1
582,0,1,A,VP3,PV1
583,0,1,C,VP3,PV1
584,0.211401432,2,N,VP3,PV1
585,0,1,D,VP3,PV1
586,0,1,F,VP3,PV1
587,0.166402559,2,S,VP3,PV1
588,0.159823881,2,V,VP3,PV1
589,0,1,R,VP3,PV1
590,0.007630763,2,L,VP3,PV1
591,0,1,L,VP3,PV1
592,0.160244969,3,R,VP3,PV1
593,0,1,D,VP3,PV1
594,0.093858647,3,T,VP3,PV1
595,0.347111586,5,T,VP3,PV1
596,0.162029199,3,H,VP3,PV1
597,0.163163745,2,I,VP3,PV1
598,0.476653477,9,S,VP3,PV1
599,0,1,Q,VP3,PV1
600,0.726553261,13,T,VP3,PV1
601,0.487324108,11,A,VP3,PV1
602,0.497444973,9,L,VP3,PV1
603,0.312830888,10,Gap,VP3,PV1
604,0.078461238,5,Gap,VP3,PV1
605,0.385557874,12,Gap,VP3,PV1
606,0.506664114,9,P,VP3,PV1
607,0,1,Q,VP3,PV1
608,0,1,G,VP1,PV1
609,-0.342000412,2,Gap,VP1,PV1
610,0.279238923,4,I,VP1,PV1
611,0.298335166,3,E,VP1,PV1
612,0.279595042,4,D,VP1,PV1
613,0.603153896,9,L,VP1,PV1
614,0.144937023,3,I,VP1,PV1
615,0.505662389,6,D,VP1,PV1
616,0.656645198,9,K,VP1,PV1
617,0.296307142,5,V,VP1,PV1
618,0.352609592,3,A,VP1,PV1
619,0.661072757,11,S,VP1,PV1
620,0.295663166,6,N,VP1,PV1
621,0.233394431,5,A,VP1,PV1
622,0.217998101,5,L,VP1,PV1
623,0.571212779,8,Q,VP1,PV1
624,0.605533555,11,L,VP1,PV1
625,0.249996987,5,S,VP1,PV1
626,0.393408709,7,Q,VP1,PV1
627,0.158041073,6,Gap,VP1,PV1
628,-0.193442117,6,Gap,VP1,PV1
629,0.610137828,11,Gap,VP1,PV1
630,0.398957239,7,P,VP1,PV1
631,0.471417929,9,Gap,VP1,PV1
632,0.539848603,10,Gap,VP1,PV1
633,0.06156346,6,Gap,VP1,PV1
634,0.016784179,5,Gap,VP1,PV1
635,0.762634995,13,S,VP1,PV1
636,-0.327109072,3,Gap,VP1,PV1
637,0.503620102,9,Gap,VP1,PV1
638,0.450046033,8,Gap,VP1,PV1
639,0.481574899,11,S,VP1,PV1
640,-0.384268238,2,Gap,VP1,PV1
641,0.391235795,5,V,VP1,PV1
642,0.42039343,5,P,VP1,PV1
643,0.351243022,4,N,VP1,PV1
644,0.015257598,3,T,VP1,PV1
645,0.739415231,13,P,VP1,PV1
646,0.515227448,9,S,VP1,PV1
647,0.233836768,4,S,VP1,PV1
648,0.470416839,8,G,VP1,PV1
649,0.266079861,3,P,VP1,PV1
650,0.37069485,5,V,VP1,PV1
651,0.226847603,2,H,VP1,PV1
652,0.037760707,2,S,VP1,PV1
653,0.230429886,2,Q,VP1,PV1
654,0.026731698,3,E,VP1,PV1
655,0.112984786,3,V,VP1,PV1
656,0,1,P,VP1,PV1
657,0,1,A,VP1,PV1
658,0,1,L,VP1,PV1
659,0,1,T,VP1,PV1
660,0,1,A,VP1,PV1
661,0.007630763,2,V,VP1,PV1
662,0,1,E,VP1,PV1
663,0,1,T,VP1,PV1
664,0,1,G,VP1,PV1
665,0.026731698,3,A,VP1,PV1
666,0.214524333,2,T,VP1,PV1
667,0.366710095,3,N,VP1,PV1
668,0.408637901,6,Q,VP1,PV1
669,0.382019234,4,V,VP1,PV1
670,0.399784687,6,V,VP1,PV1
671,0.013672816,2,P,VP1,PV1
672,0.296489351,4,S,VP1,PV1
673,0,1,D,VP1,PV1
674,0.363273588,3,V,VP1,PV1
675,0.280943813,3,V,VP1,PV1
676,0.229613353,2,E,VP1,PV1
677,0,1,T,VP1,PV1
678,0,1,R,VP1,PV1
679,0.060771019,2,H,VP1,PV1
680,0,1,V,VP1,PV1
681,0.268656014,5,I,VP1,PV1
682,0.226056801,2,N,VP1,PV1
683,0.653316358,10,Y,VP1,PV1
684,0.222243102,2,R,VP1,PV1
685,0.406438315,4,S,VP1,PV1
686,0,1,R,VP1,PV1
687,0.105469468,2,S,VP1,PV1
688,0,1,E,VP1,PV1
689,0.213076881,4,S,VP1,PV1
690,0.215060868,4,T,VP1,PV1
691,0.364535285,3,I,VP1,PV1
692,0,1,E,VP1,PV1
693,0.0241603,2,S,VP1,PV1
694,0,1,F,VP1,PV1
695,0.102881643,2,F,VP1,PV1
696,0.246876118,3,G,VP1,PV1
697,0,1,R,VP1,PV1
698,0.351734139,3,G,VP1,PV1
699,0,1,A,VP1,PV1
700,0.060771019,2,C,VP1,PV1
701,0.057218546,2,V,VP1,PV1
702,0.19925661,2,T,VP1,PV1
703,0.036526005,3,I,VP1,PV1
704,0.354662283,4,M,VP1,PV1
705,0.495740958,8,S,VP1,PV1
706,0.196671938,3,V,VP1,PV1
707,0.527112269,9,E,VP1,PV1
708,0.099814921,3,N,VP1,PV1
709,0.649818521,10,F,VP1,PV1
710,0.420896669,7,N,VP1,PV1
711,0.454800736,5,A,VP1,PV1
712,0.242227033,9,T,VP1,PV1
713,0.698711343,15,T,VP1,PV1
714,0.364101743,17,Gap,VP1,PV1
715,-0.184263056,10,Gap,VP1,PV1
716,0.615987066,13,Gap,VP1,PV1
717,0.63365025,12,D,VP1,PV1
718,0.564691945,15,K,VP1,PV1
719,0.515625163,9,K,VP1,PV1
720,-0.397221891,2,Gap,VP1,PV1
721,0.42731349,8,K,VP1,PV1
722,0.267414684,5,L,VP1,PV1
723,0.041042561,3,F,VP1,PV1
724,0.439371051,6,A,VP1,PV1
725,0.395882159,5,T,VP1,PV1
726,0,1,W,VP1,PV1
727,0.565887998,8,N,VP1,PV1
728,0.060771019,2,I,VP1,PV1
729,0.236148861,4,T,VP1,PV1
730,0,1,Y,VP1,PV1
731,0.371876235,6,T,VP1,PV1
732,0.334552338,7,D,VP1,PV1
733,0.110401291,3,T,VP1,PV1
734,0.187189435,3,V,VP1,PV1
735,0.007630763,2,Q,VP1,PV1
736,0.031775268,3,L,VP1,PV1
737,0,1,R,VP1,PV1
738,0.007630763,2,R,VP1,PV1
739,0,1,K,VP1,PV1
740,0.007630763,2,L,VP1,PV1
741,0,1,E,VP1,PV1
742,0.280137977,4,F,VP1,PV1
743,0,1,F,VP1,PV1
744,0,1,T,VP1,PV1
745,0,1,Y,VP1,PV1
746,0.0241603,2,S,VP1,PV1
747,0,1,R,VP1,PV1
748,0.0241603,2,F,VP1,PV1
749,0,1,D,VP1,PV1
750,0.465938522,6,L,VP1,PV1
751,0,1,E,VP1,PV1
752,0.346980774,5,F,VP1,PV1
753,0,1,T,VP1,PV1
754,0.053566614,2,F,VP1,PV1
755,0.007630763,2,V,VP1,PV1
756,0.414958761,6,I,VP1,PV1
757,0.033435573,2,T,VP1,PV1
758,0.18072979,4,E,VP1,PV1
759,0.193752158,3,R,VP1,PV1
760,0.274696274,5,Y,VP1,PV1
761,0.459498594,7,Y,VP1,PV1
762,0.534237037,8,T,VP1,PV1
763,0.479503047,6,S,VP1,PV1
764,0.390064322,8,N,VP1,PV1
765,0.437215026,6,S,VP1,PV1
766,0.243779431,6,G,VP1,PV1
767,0.445821642,11,H,VP1,PV1
768,0.325901385,7,A,VP1,PV1
769,0.33428472,4,R,VP1,PV1
770,0.23660136,4,N,VP1,PV1
771,0.27418086,4,Q,VP1,PV1
772,-0.403711436,1,Gap,VP1,PV1
773,-0.403711436,1,Gap,VP1,PV1
774,-0.403711436,1,Gap,VP1,PV1
775,-0.403711436,1,Gap,VP1,PV1
776,-0.403711436,1,Gap,VP1,PV1
777,0.030499429,5,V,VP1,PV1
778,0.007630763,2,Y,VP1,PV1
779,0,1,Q,VP1,PV1
780,0.118017618,3,I,VP1,PV1
781,0,1,M,VP1,PV1
782,0.007630763,2,Y,VP1,PV1
783,0.241887356,4,I,VP1,PV1
784,0,1,P,VP1,PV1
785,0,1,P,VP1,PV1
786,0.007630763,2,G,VP1,PV1
787,0.007630763,2,A,VP1,PV1
788,0,1,P,VP1,PV1
789,0.568521327,8,V,VP1,PV1
790,0,1,P,VP1,PV1
791,0.64856017,9,Q,VP1,PV1
792,0.445753687,8,K,VP1,PV1
793,0.028915021,2,W,VP1,PV1
794,0.007630763,2,D,VP1,PV1
795,0,1,D,VP1,PV1
796,0.064231372,2,Y,VP1,PV1
797,0.025067123,3,T,VP1,PV1
798,0,1,W,VP1,PV1
799,0.011394307,2,Q,VP1,PV1
800,0.231307738,2,S,VP1,PV1
801,0.0241603,2,S,VP1,PV1
802,0.184321604,3,S,VP1,PV1
803,0.007630763,2,N,VP1,PV1
804,0,1,P,VP1,PV1
805,0,1,S,VP1,PV1
806,0.234804884,3,I,VP1,PV1
807,0,1,F,VP1,PV1
808,0.095128398,3,Y,VP1,PV1
809,0.090909307,3,T,VP1,PV1
810,0.191386692,2,Y,VP1,PV1
811,0,1,G,VP1,PV1
812,0.541159705,6,N,VP1,PV1
813,0.062230882,3,A,VP1,PV1
814,0.181337407,4,P,VP1,PV1
815,0.226847603,2,P,VP1,PV1
816,0,1,R,VP1,PV1
817,0.325468728,4,I,VP1,PV1
818,0,1,S,VP1,PV1
819,0.213391412,3,I,VP1,PV1
820,0,1,P,VP1,PV1
821,0.227913181,2,Y,VP1,PV1
822,0.116238735,3,V,VP1,PV1
823,0.007630763,2,G,VP1,PV1
824,0.108050911,3,I,VP1,PV1
825,0.273860596,4,A,VP1,PV1
826,0.252951196,4,N,VP1,PV1
827,0,1,A,VP1,PV1
828,0,1,Y,VP1,PV1
829,0.007630763,2,S,VP1,PV1
830,0.019112761,2,H,VP1,PV1
831,0,1,F,VP1,PV1
832,0.007630763,2,Y,VP1,PV1
833,0,1,D,VP1,PV1
834,0,1,G,VP1,PV1
835,0.131220536,2,F,VP1,PV1
836,0.236389667,4,A,VP1,PV1
837,0.589814051,10,R,VP1,PV1
838,0.093858647,3,V,VP1,PV1
839,0,1,P,VP1,PV1
840,0.350418761,5,L,VP1,PV1
841,0.477987712,10,K,VP1,PV1
842,0.56268905,9,D,VP1,PV1
843,0.539707803,10,E,VP1,PV1
844,0.55483458,13,T,VP1,PV1
845,0.527886968,12,A,VP1,PV1
846,-0.245898579,2,Gap,VP1,PV1
847,0.388923496,7,D,VP1,PV1
848,0.604148036,13,S,VP1,PV1
849,0.189375214,4,G,VP1,PV1
850,0.40392584,6,D,VP1,PV1
851,0.467199253,6,T,VP1,PV1
852,0.455051369,7,Y,VP1,PV1
853,0,1,Y,VP1,PV1
854,0.092046905,2,G,VP1,PV1
855,0.430789993,8,A,VP1,PV1
856,0.517692347,6,V,VP1,PV1
857,0.211770722,3,S,VP1,PV1
858,0.202570653,3,I,VP1,PV1
859,0.115831583,4,N,VP1,PV1
860,0.007630763,2,D,VP1,PV1
861,0,1,F,VP1,PV1
862,0,1,G,VP1,PV1
863,0.51610689,7,T,VP1,PV1
864,0.192266139,4,L,VP1,PV1
865,0,1,A,VP1,PV1
866,0.223797955,3,V,VP1,PV1
867,0.007630763,2,R,VP1,PV1
868,0.247173785,3,V,VP1,PV1
869,0,1,V,VP1,PV1
870,0,1,N,VP1,PV1
871,0.256985988,3,E,VP1,PV1
872,0.39559603,5,H,VP1,PV1
873,0.216557723,3,N,VP1,PV1
874,0,1,P,VP1,PV1
875,0.425475531,5,V,VP1,PV1
876,0.501318269,8,R,VP1,PV1
877,0.255276591,3,I,VP1,PV1
878,0.501986341,8,T,VP1,PV1
879,0.313057089,5,S,VP1,PV1
880,0.189266371,3,K,VP1,PV1
881,0.319333149,5,V,VP1,PV1
882,0,1,R,VP1,PV1
883,0.11051101,2,V,VP1,PV1
884,0.007630763,2,Y,VP1,PV1
885,0.198301319,4,M,VP1,PV1
886,0,1,K,VP1,PV1
887,0,1,P,VP1,PV1
888,0.007630763,2,K,VP1,PV1
889,0,1,H,VP1,PV1
890,0.233858549,3,V,VP1,PV1
891,0.092046905,2,R,VP1,PV1
892,0.235124268,4,V,VP1,PV1
893,0,1,W,VP1,PV1
894,0,1,C,VP1,PV1
895,0,1,P,VP1,PV1
896,0,1,R,VP1,PV1
897,0.019112761,2,P,VP1,PV1
898,0.007630763,2,P,VP1,PV1
899,0.007630763,2,R,VP1,PV1
900,0.084823429,3,A,VP1,PV1
901,0.124255029,3,V,VP1,PV1
902,0.468360278,8,P,VP1,PV1
903,0,1,Y,VP1,PV1
904,0.586417131,10,R,VP1,PV1
905,0.105469468,2,G,VP1,PV1
906,0.455109182,9,P,VP1,PV1
907,-0.403711436,1,Gap,VP1,PV1
908,0.222891622,3,G,VP1,PV1
909,0,1,V,VP1,PV1
910,0.049806545,2,D,VP1,PV1
911,0.433279164,5,Y,VP1,PV1
912,0.355136531,10,K,VP1,PV1
913,0.67965384,12,Q,VP1,PV1
914,0.566326311,9,G,VP1,PV1
915,0.350449165,7,Gap,VP1,PV1
916,0.504639314,8,L,VP1,PV1
917,0.560850676,13,T,VP1,PV1
918,0.246271691,4,P,VP1,PV1
919,0.245676009,4,L,VP1,PV1
920,0.123751206,8,Gap,VP1,PV1
921,-0.403711436,1,Gap,VP1,PV1
922,-0.403711436,1,Gap,VP1,PV1
923,-0.403711436,1,Gap,VP1,PV1
924,-0.403711436,1,Gap,VP1,PV1
925,-0.403711436,1,Gap,VP1,PV1
926,-0.403711436,1,Gap,VP1,PV1
927,-0.403711436,1,Gap,VP1,PV1
928,-0.403711436,1,Gap,VP1,PV1
929,-0.403711436,1,Gap,VP1,PV1
930,-0.403711436,1,Gap,VP1,PV1
931,-0.403711436,1,Gap,VP1,PV1
932,-0.403711436,1,Gap,VP1,PV1
933,-0.403711436,1,Gap,VP1,PV1
934,-0.403711436,1,Gap,VP1,PV1
935,-0.403711436,1,Gap,VP1,PV1
936,-0.403711436,1,Gap,VP1,PV1
937,-0.403711436,1,Gap,VP1,PV1
938,-0.403711436,1,Gap,VP1,PV1
939,-0.403711436,1,Gap,VP1,PV1
940,0.561553018,9,S,VP1,PV1
941,0.47693662,9,V,VP1,PV1
942,0.567883805,10,K,VP1,PV1
943,0.553505,9,S,VP1,PV1
944,0.278426198,3,I,VP1,PV1
945,0.305040783,4,T,VP1,PV1
946,0.007630763,2,T,VP1,PV1
947,0.190182394,2,Y,VP1,PV1
948,-0.251499324,2,Gap,VP1,PV1
949,0,1,G,2A,PV1
950,0.112025895,6,F,2A,PV1
951,0.007630763,2,G,2A,PV1
952,0.007630763,2,H,2A,PV1
953,0.0241603,2,Q,2A,PV1
954,0.100063654,4,N,2A,PV1
955,0.214401208,6,K,2A,PV1
956,0.045927912,2,A,2A,PV1
957,0.074118489,2,V,2A,PV1
958,0.041917958,2,Y,2A,PV1
959,0.23005319,2,V,2A,PV1
960,0.019112761,2,A,2A,PV1
961,0,1,G,2A,PV1
962,0.049806545,2,Y,2A,PV1
963,0,1,K,2A,PV1
964,0,1,I,2A,PV1
965,0.253048158,6,C,2A,PV1
966,0,1,N,2A,PV1
967,0,1,Y,2A,PV1
968,0,1,H,2A,PV1
969,0,1,L,2A,PV1
970,0.007630763,2,A,2A,PV1
971,0.033435573,2,T,2A,PV1
972,0.436990979,11,Q,2A,PV1
973,0.208098486,8,E,2A,PV1
974,0,1,D,2A,PV1
975,0.517284228,7,L,2A,PV1
976,0.611958737,12,Q,2A,PV1
977,0.36466635,7,N,2A,PV1
978,0.185712456,3,A,2A,PV1
979,0.090909307,3,V,2A,PV1
980,0.545836198,10,S,2A,PV1
981,0.350032171,4,V,2A,PV1
982,0.19672885,4,M,2A,PV1
983,0,1,W,2A,PV1
984,0.367353022,5,N,2A,PV1
985,0.007630763,2,R,2A,PV1
986,0.007630763,2,D,2A,PV1
987,0.090909307,3,L,2A,PV1
988,0.366194968,4,L,2A,PV1
989,0.124652216,2,V,2A,PV1
990,0.409297423,6,V,2A,PV1
991,0.227866429,9,E,2A,PV1
992,0.007630763,2,S,2A,PV1
993,0.356232663,5,R,2A,PV1
994,0.007630763,2,A,2A,PV1
995,0.030499429,5,Q,2A,PV1
996,0,1,G,2A,PV1
997,0.300730377,6,T,2A,PV1
998,0,1,D,2A,PV1
999,0.387500357,7,T,2A,PV1
1000,0.007630763,2,I,2A,PV1
1001,0,1,A,2A,PV1
1002,0.007630763,2,R,2A,PV1
1003,0,1,C,2A,PV1
1004,0.430745818,10,S,2A,PV1
1005,0,1,C,2A,PV1
1006,0.499266129,8,K,2A,PV1
1007,0.429089586,9,T,2A,PV1
1008,0,1,G,2A,PV1
1009,0.13037381,4,V,2A,PV1
1010,0,1,Y,2A,PV1
1011,0.049806545,2,Y,2A,PV1
1012,0,1,C,2A,PV1
1013,0.262661603,9,E,2A,PV1
1014,0,1,S,2A,PV1
1015,0.352310222,4,R,2A,PV1
1016,0.382314118,11,R,2A,PV1
1017,0.099583712,3,K,2A,PV1
1018,0.178439418,3,Y,2A,PV1
1019,0.007630763,2,Y,2A,PV1
1020,0.021295709,3,P,2A,PV1
1021,0.2180373,2,V,2A,PV1
1022,0.256734143,5,T,2A,PV1
1023,0.351019078,4,V,2A,PV1
1024,0.458462222,6,T,2A,PV1
1025,0.424511535,11,G,2A,PV1
1026,0,1,P,2A,PV1
1027,0.007630763,2,T,2A,PV1
1028,0,1,F,2A,PV1
1029,0.154724818,3,Q,2A,PV1
1030,0.303417469,4,Y,2A,PV1
1031,0,1,M,2A,PV1
1032,0.080344855,2,E,2A,PV1
1033,0.194991841,7,A,2A,PV1
1034,0.007630763,2,N,2A,PV1
1035,0.219723315,6,D,2A,PV1
1036,0.185734892,3,Y,2A,PV1
1037,0.07726553,2,Y,2A,PV1
1038,0,1,P,2A,PV1
1039,0.04699324,5,A,2A,PV1
1040,0,1,R,2A,PV1
1041,0,1,Y,2A,PV1
1042,0,1,Q,2A,PV1
1043,0.171077061,2,S,2A,PV1
1044,0,1,H,2A,PV1
1045,0.072546989,3,M,2A,PV1
1046,0.197574641,3,L,2A,PV1
1047,0.252107676,5,I,2A,PV1
1048,0,1,G,2A,PV1
1049,0.58631809,11,H,2A,PV1
1050,0,1,G,2A,PV1
1051,0.074339344,3,F,2A,PV1
1052,0.007630763,2,A,2A,PV1
1053,0.500666199,6,S,2A,PV1
1054,0,1,P,2A,PV1
1055,0.007630763,2,G,2A,PV1
1056,0,1,D,2A,PV1
1057,0,1,C,2A,PV1
1058,0,1,G,2A,PV1
1059,0.015257598,3,G,2A,PV1
1060,0.019112761,2,I,2A,PV1
1061,0.041042561,3,L,2A,PV1
1062,0,1,R,2A,PV1
1063,0,1,C,2A,PV1
1064,0.34063845,6,Q,2A,PV1
1065,0.007630763,2,H,2A,PV1
1066,0,1,G,2A,PV1
1067,0.047060755,3,V,2A,PV1
1068,0.233081157,3,M,2A,PV1
1069,0,1,G,2A,PV1
1070,0.224355567,4,I,2A,PV1
1071,0.204758551,4,I,2A,PV1
1072,0,1,T,2A,PV1
1073,0,1,A,2A,PV1
1074,0,1,G,2A,PV1
1075,0,1,G,2A,PV1
1076,0.334322636,6,E,2A,PV1
1077,0.019112761,2,G,2A,PV1
1078,0.36810747,4,L,2A,PV1
1079,0,1,V,2A,PV1
1080,0.007630763,2,A,2A,PV1
1081,0,1,F,2A,PV1
1082,0.217756501,3,A,2A,PV1
1083,0,1,D,2A,PV1
1084,0.117757579,2,I,2A,PV1
1085,0.015257598,3,R,2A,PV1
1086,0,1,D,2A,PV1
1087,0,1,L,2A,PV1
1088,0.317036531,4,Y,2A,PV1
1089,0.39113243,6,A,2A,PV1
1090,0.179944843,3,Y,2A,PV1
1091,0,1,E,2A,PV1
1092,0.134352363,3,E,2A,PV1
1093,0.007630763,2,E,2A,PV1
1094,0.045927912,2,A,2A,PV1
1095,0,1,M,2A,PV1
1096,0,1,E,2A,PV1
1097,0,1,Q,2A,PV1
1098,0,1,G,2B,PV1
1099,0.143461367,2,I,2B,PV1
1100,0.248837919,4,T,2B,PV1
1101,0.401497103,6,S,2B,PV1
1102,0.007630763,2,Y,2B,PV1
1103,0.246135733,3,I,2B,PV1
1104,0.245022425,4,E,2B,PV1
1105,0.283455008,4,S,2B,PV1
1106,0,1,L,2B,PV1
1107,0,1,G,2B,PV1
1108,0.26234641,5,A,2B,PV1
1109,0.007630763,2,A,2B,PV1
1110,0,1,F,2B,PV1
1111,0,1,G,2B,PV1
1112,0.343016742,6,S,2B,PV1
1113,0,1,G,2B,PV1
1114,0.007630763,2,F,2B,PV1
1115,0.183849513,2,T,2B,PV1
1116,0.551452748,8,Q,2B,PV1
1117,0.258047629,5,Q,2B,PV1
1118,0.133341289,2,I,2B,PV1
1119,0.328256762,4,G,2B,PV1
1120,0.43252622,6,E,2B,PV1
1121,0.110401291,3,K,2B,PV1
1122,0.219376763,3,I,2B,PV1
1123,0.41557216,8,S,2B,PV1
1124,0.076314719,5,E,2B,PV1
1125,0.22112513,2,L,2B,PV1
1126,0.295773475,4,T,2B,PV1
1127,0.355159624,7,S,2B,PV1
1128,0.217484495,4,M,2B,PV1
1129,0.112967418,2,V,2B,PV1
1130,-0.403711436,1,Gap,2B,PV1
1131,-0.403711436,1,Gap,2B,PV1
1132,0.344533808,4,T,2B,PV1
1133,0.163163745,2,S,2B,PV1
1134,0.344726977,6,T,2B,PV1
1135,0.266672634,4,I,2B,PV1
1136,0.015257598,3,T,2B,PV1
1137,0.070900006,2,E,2B,PV1
1138,0.015257598,3,K,2B,PV1
1139,0,1,L,2B,PV1
1140,0.007630763,2,L,2B,PV1
1141,0,1,K,2B,PV1
1142,0.162232169,4,N,2B,PV1
1143,0.007630763,2,L,2B,PV1
1144,0.186445701,2,I,2B,PV1
1145,0.007630763,2,K,2B,PV1
1146,0.172587456,2,I,2B,PV1
1147,0.230743582,2,V,2B,PV1
1148,0.015257598,3,S,2B,PV1
1149,0.337549638,4,S,2B,PV1
1150,0.019112761,2,L,2B,PV1
1151,0.015257598,3,V,2B,PV1
1152,0.015257598,3,I,2B,PV1
1153,0.202337786,2,I,2B,PV1
1154,0.534897218,7,T,2B,PV1
1155,0.007630763,2,R,2B,PV1
1156,0,1,N,2B,PV1
1157,0.007630763,2,Y,2B,PV1
1158,0.036526005,3,E,2B,PV1
1159,0,1,D,2B,PV1
1160,0.220996022,5,T,2B,PV1
1161,0.205833625,3,T,2B,PV1
1162,0,1,T,2B,PV1
1163,0.019112761,2,V,2B,PV1
1164,0.074698396,5,L,2B,PV1
1165,0,1,A,2B,PV1
1166,0.007630763,2,T,2B,PV1
1167,0.007630763,2,L,2B,PV1
1168,0.19689321,3,A,2B,PV1
1169,0.015257598,3,L,2B,PV1
1170,0,1,L,2B,PV1
1171,0,1,G,2B,PV1
1172,0,1,C,2B,PV1
1173,0.007630763,2,D,2B,PV1
1174,0.485467855,7,V,2B,PV1
1175,0.007630763,2,S,2B,PV1
1176,0,1,P,2B,PV1
1177,0,1,W,2B,PV1
1178,0.325391017,8,Q,2B,PV1
1179,0,1,W,2B,PV1
1180,0.145392961,2,L,2B,PV1
1181,0.094831603,2,K,2B,PV1
1182,0.244970724,6,K,2B,PV1
1183,0.015257598,3,K,2B,PV1
1184,0.380686451,4,A,2B,PV1
1185,0,1,C,2B,PV1
1186,0.202550467,4,D,2B,PV1
1187,0.257290385,5,I,2B,PV1
1188,0.151375971,4,L,2B,PV1
1189,0.229237942,3,E,2B,PV1
1190,0.252924814,3,I,2B,PV1
1191,0,1,P,2B,PV1
1192,0.220031766,4,Y,2B,PV1
1193,0.136449692,4,V,2B,PV1
1194,0.422484594,8,M,2B,PV1
1195,0.241278195,3,R,2B,PV1
1196,0,1,Q,2B,PV1
1197,0.057218546,2,G,2C,PV1
1198,0.013672816,2,D,2C,PV1
1199,0.094831603,2,S,2C,PV1
1200,0,1,W,2C,PV1
1201,0.206182768,2,L,2C,PV1
1202,0,1,K,2C,PV1
1203,0.013672816,2,K,2C,PV1
1204,0,1,F,2C,PV1
1205,0.102881643,2,T,2C,PV1
1206,0.100247155,2,E,2C,PV1
1207,0,1,A,2C,PV1
1208,0,1,C,2C,PV1
1209,0.007630763,2,N,2C,PV1
1210,0,1,A,2C,PV1
1211,0.007630763,2,A,2C,PV1
1212,0,1,K,2C,PV1
1213,0,1,G,2C,PV1
1214,0,1,L,2C,PV1
1215,0.013672816,2,E,2C,PV1
1216,0,1,W,2C,PV1
1217,0.243739776,3,I,2C,PV1
1218,0.18315928,3,S,2C,PV1
1219,0.186374562,7,N,2C,PV1
1220,0,1,K,2C,PV1
1221,0.060771019,2,I,2C,PV1
1222,0.08168056,3,S,2C,PV1
1223,0.045927912,2,K,2C,PV1
1224,0.007630763,2,F,2C,PV1
1225,0.100247155,2,I,2C,PV1
1226,0.144564357,3,D,2C,PV1
1227,0,1,W,2C,PV1
1228,0.250779998,3,L,2C,PV1
1229,0.047060755,3,K,2C,PV1
1230,0.440357086,8,E,2C,PV1
1231,0.104286101,4,K,2C,PV1
1232,0.217756501,3,I,2C,PV1
1233,0.204440798,3,I,2C,PV1
1234,0,1,P,2C,PV1
1235,0.217756501,3,E,2C,PV1
1236,0,1,A,2C,PV1
1237,0.30529369,3,R,2C,PV1
1238,0.013672816,2,D,2C,PV1
1239,0,1,K,2C,PV1
1240,0.259030179,4,V,2C,PV1
1241,0.028914647,4,E,2C,PV1
1242,0.23005319,2,F,2C,PV1
1243,0.333808778,5,V,2C,PV1
1244,0.286556239,5,T,2C,PV1
1245,0.007630763,2,K,2C,PV1
1246,0.007630763,2,L,2C,PV1
1247,0.036526005,3,K,2C,PV1
1248,0.102881643,2,Q,2C,PV1
1249,0.006489544,2,L,2C,PV1
1250,0.390250619,6,E,2C,PV1
1251,0.22001719,6,M,2C,PV1
1252,0.139507517,2,L,2C,PV1
1253,0,1,E,2C,PV1
1254,0.007630763,2,N,2C,PV1
1255,0,1,Q,2C,PV1
1256,0.237207915,3,I,2C,PV1
1257,0.399390628,4,A,2C,PV1
1258,0.03780147,3,T,2C,PV1
1259,0.188957585,2,I,2C,PV1
1260,0,1,H,2C,PV1
1261,0,1,Q,2C,PV1
1262,0.013672816,2,S,2C,PV1
1263,0,1,C,2C,PV1
1264,0,1,P,2C,PV1
1265,0.007630763,2,S,2C,PV1
1266,0,1,Q,2C,PV1
1267,0.013672816,2,E,2C,PV1
1268,0.401673535,4,Q,2C,PV1
1269,0,1,Q,2C,PV1
1270,0,1,E,2C,PV1
1271,0.311439342,5,I,2C,PV1
1272,0.019112761,2,L,2C,PV1
1273,0,1,F,2C,PV1
1274,0,1,N,2C,PV1
1275,0.007630763,2,N,2C,PV1
1276,0.182519301,2,V,2C,PV1
1277,0.007630763,2,R,2C,PV1
1278,0,1,W,2C,PV1
1279,0,1,L,2C,PV1
1280,0.210576583,2,A,2C,PV1
1281,0.122528179,3,I,2C,PV1
1282,0.209317956,4,Q,2C,PV1
1283,0.191386692,2,S,2C,PV1
1284,0.208873276,2,R,2C,PV1
1285,0.193734454,2,R,2C,PV1
1286,0.007630763,2,F,2C,PV1
1287,0.069396065,4,A,2C,PV1
1288,0,1,P,2C,PV1
1289,0,1,L,2C,PV1
1290,0,1,Y,2C,PV1
1291,0,1,A,2C,PV1
1292,0.478446064,10,V,2C,PV1
1293,0,1,E,2C,PV1
1294,0,1,A,2C,PV1
1295,0.207994618,2,K,2C,PV1
1296,0.007630763,2,R,2C,PV1
1297,0.007630763,2,I,2C,PV1
1298,0.421975583,8,S,2C,PV1
1299,0.063162102,5,K,2C,PV1
1300,0.135428922,2,L,2C,PV1
1301,0,1,E,2C,PV1
1302,0.454846931,6,N,2C,PV1
1303,0.188032813,5,T,2C,PV1
1304,0.007630763,2,I,2C,PV1
1305,0,1,N,2C,PV1
1306,0.007630763,2,N,2C,PV1
1307,0,1,Y,2C,PV1
1308,0.131220536,2,I,2C,PV1
1309,0,1,Q,2C,PV1
1310,0,1,F,2C,PV1
1311,0.007630763,2,K,2C,PV1
1312,0.191166339,3,S,2C,PV1
1313,0,1,K,2C,PV1
1314,0,1,H,2C,PV1
1315,0,1,R,2C,PV1
1316,0,1,I,2C,PV1
1317,0,1,E,2C,PV1
1318,0,1,P,2C,PV1
1319,0,1,V,2C,PV1
1320,0,1,C,2C,PV1
1321,0.3222788,4,L,2C,PV1
1322,0,1,L,2C,PV1
1323,0.213769901,2,I,2C,PV1
1324,0.007630763,2,H,2C,PV1
1325,0,1,G,2C,PV1
1326,0.322739435,6,S,2C,PV1
1327,0,1,P,2C,PV1
1328,0,1,G,2C,PV1
1329,0,1,T,2C,PV1
1330,0,1,G,2C,PV1
1331,0,1,K,2C,PV1
1332,0.007630763,2,S,2C,PV1
1333,0.22563716,2,V,2C,PV1
1334,0.102364144,3,A,2C,PV1
1335,0.015257598,3,T,2C,PV1
1336,0.36074997,3,S,2C,PV1
1337,0,1,L,2C,PV1
1338,0.204827958,3,I,2C,PV1
1339,0.210576583,2,G,2C,PV1
1340,0,1,R,2C,PV1
1341,0.007630763,2,A,2C,PV1
1342,0.0241603,2,I,2C,PV1
1343,0,1,A,2C,PV1
1344,0.259389726,5,E,2C,PV1
1345,0.322174951,5,K,2C,PV1
1346,0.184321604,3,E,2C,PV1
1347,0.109958623,6,N,2C,PV1
1348,0.019112761,2,T,2C,PV1
1349,0,1,S,2C,PV1
1350,0.210829736,5,T,2C,PV1
1351,0,1,Y,2C,PV1
1352,0.007630763,2,S,2C,PV1
1353,0.068349629,3,L,2C,PV1
1354,0,1,P,2C,PV1
1355,0.007630763,2,P,2C,PV1
1356,0.007630763,2,D,2C,PV1
1357,0,1,P,2C,PV1
1358,0.317740485,4,S,2C,PV1
1359,0,1,H,2C,PV1
1360,0.007630763,2,F,2C,PV1
1361,0,1,D,2C,PV1
1362,0,1,G,2C,PV1
1363,0,1,Y,2C,PV1
1364,0,1,K,2C,PV1
1365,0,1,Q,2C,PV1
1366,0,1,Q,2C,PV1
1367,0.019112761,2,G,2C,PV1
1368,0.015257598,3,V,2C,PV1
1369,0.015257598,3,V,2C,PV1
1370,0.015257598,3,I,2C,PV1
1371,0.007630763,2,M,2C,PV1
1372,0,1,D,2C,PV1
1373,0,1,D,2C,PV1
1374,0,1,L,2C,PV1
1375,0,1,N,2C,PV1
1376,0,1,Q,2C,PV1
1377,0,1,N,2C,PV1
1378,0,1,P,2C,PV1
1379,0,1,D,2C,PV1
1380,0,1,G,2C,PV1
1381,0.486259142,5,A,2C,PV1
1382,0,1,D,2C,PV1
1383,0.007630763,2,M,2C,PV1
1384,0.007630763,2,K,2C,PV1
1385,0,1,L,2C,PV1
1386,0,1,F,2C,PV1
1387,0.007630763,2,C,2C,PV1
1388,0,1,Q,2C,PV1
1389,0,1,M,2C,PV1
1390,0,1,V,2C,PV1
1391,0.007630763,2,S,2C,PV1
1392,0,1,T,2C,PV1
1393,0,1,V,2C,PV1
1394,0,1,E,2C,PV1
1395,0.007630763,2,F,2C,PV1
1396,0.070900006,2,I,2C,PV1
1397,0,1,P,2C,PV1
1398,0,1,P,2C,PV1
1399,0,1,M,2C,PV1
1400,0,1,A,2C,PV1
1401,0,1,S,2C,PV1
1402,0,1,L,2C,PV1
1403,0,1,E,2C,PV1
1404,0,1,E,2C,PV1
1405,0,1,K,2C,PV1
1406,0,1,G,2C,PV1
1407,0,1,I,2C,PV1
1408,0,1,L,2C,PV1
1409,0,1,F,2C,PV1
1410,0.007630763,2,T,2C,PV1
1411,0,1,S,2C,PV1
1412,0.22016033,3,D,2C,PV1
1413,0,1,Y,2C,PV1
1414,0,1,V,2C,PV1
1415,0.007630763,2,L,2C,PV1
1416,0,1,A,2C,PV1
1417,0,1,S,2C,PV1
1418,0,1,T,2C,PV1
1419,0,1,N,2C,PV1
1420,0,1,S,2C,PV1
1421,0.448352906,5,S,2C,PV1
1422,0.33564323,4,T,2C,PV1
1423,0,1,I,2C,PV1
1424,0.302422605,5,T,2C,PV1
1425,0.007630763,2,P,2C,PV1
1426,0,1,P,2C,PV1
1427,0,1,T,2C,PV1
1428,0.112967418,2,V,2C,PV1
1429,0.229369704,2,A,2C,PV1
1430,0.268342258,3,H,2C,PV1
1431,0.107771117,3,S,2C,PV1
1432,0.015257598,3,D,2C,PV1
1433,0.007630763,2,A,2C,PV1
1434,0,1,L,2C,PV1
1435,0.399777424,5,S,2C,PV1
1436,0,1,R,2C,PV1
1437,0,1,R,2C,PV1
1438,0,1,F,2C,PV1
1439,0,1,A,2C,PV1
1440,0.007630763,2,F,2C,PV1
1441,0,1,D,2C,PV1
1442,0.188167476,5,M,2C,PV1
1443,0.210576583,2,D,2C,PV1
1444,0.219376763,3,I,2C,PV1
1445,0.423659773,6,Y,2C,PV1
1446,0.369054507,4,V,2C,PV1
1447,0.037760707,2,M,2C,PV1
1448,0.279634753,5,S,2C,PV1
1449,0.160257155,4,E,2C,PV1
1450,0.21220854,2,Y,2C,PV1
1451,0.278876376,5,S,2C,PV1
1452,0.507791535,7,I,2C,PV1
1453,0.324214686,3,K,2C,PV1
1454,0,1,G,2C,PV1
1455,0.111485963,4,K,2C,PV1
1456,0.015257598,3,L,2C,PV1
1457,0,1,N,2C,PV1
1458,0,1,M,2C,PV1
1459,0.071323321,4,A,2C,PV1
1460,0.434654663,5,T,2C,PV1
1461,0,1,A,2C,PV1
1462,0,1,T,2C,PV1
1463,0.453141379,6,Q,2C,PV1
1464,0.351247538,7,L,2C,PV1
1465,0.007630763,2,C,2C,PV1
1466,0.122842351,7,K,2C,PV1
1467,0.348466711,3,D,2C,PV1
1468,0,1,C,2C,PV1
1469,0.234903712,3,H,2C,PV1
1470,0.335226615,7,Q,2C,PV1
1471,0,1,P,2C,PV1
1472,0.052476758,3,A,2C,PV1
1473,0,1,N,2C,PV1
1474,-0.403711436,1,Gap,2C,PV1
1475,0,1,F,2C,PV1
1476,0.206746558,3,K,2C,PV1
1477,0.412340552,5,K,2C,PV1
1478,0,1,C,2C,PV1
1479,0,1,C,2C,PV1
1480,0,1,P,2C,PV1
1481,0,1,L,2C,PV1
1482,0.146955832,3,V,2C,PV1
1483,0.007630763,2,C,2C,PV1
1484,0,1,G,2C,PV1
1485,0.013672816,2,K,2C,PV1
1486,0,1,A,2C,PV1
1487,0.188774217,4,I,2C,PV1
1488,0.041042561,3,Q,2C,PV1
1489,0.070900006,2,L,2C,PV1
1490,0.070900006,2,M,2C,PV1
1491,0,1,D,2C,PV1
1492,0.092046905,2,K,2C,PV1
1493,0.572890512,9,S,2C,PV1
1494,0.212997999,2,T,2C,PV1
1495,0,1,R,2C,PV1
1496,0.424888565,6,Q,2C,PV1
1497,0,1,R,2C,PV1
1498,0.226460269,2,Y,2C,PV1
1499,0.227574024,2,S,2C,PV1
1500,0.366442537,3,V,2C,PV1
1501,0,1,D,2C,PV1
1502,0.230876843,2,E,2C,PV1
1503,0.184272639,4,I,2C,PV1
1504,0,1,T,2C,PV1
1505,0,1,T,2C,PV1
1506,0.249423762,4,L,2C,PV1
1507,0.279128409,4,I,2C,PV1
1508,0.160326103,3,I,2C,PV1
1509,0,1,N,2C,PV1
1510,0,1,E,2C,PV1
1511,0.229613353,2,R,2C,PV1
1512,0.284794954,8,N,2C,PV1
1513,0.013672816,2,R,2C,PV1
1514,0,1,R,2C,PV1
1515,0.413727841,5,A,2C,PV1
1516,0.021295709,3,N,2C,PV1
1517,0,1,I,2C,PV1
1518,0,1,G,2C,PV1
1519,0.183632672,3,N,2C,PV1
1520,0,1,C,2C,PV1
1521,0.183849513,2,M,2C,PV1
1522,0,1,E,2C,PV1
1523,0,1,A,2C,PV1
1524,0,1,L,2C,PV1
1525,0,1,F,2C,PV1
1526,0,1,Q,2C,PV1
1527,0,1,G,2C,PV1
1528,0.007630763,2,P,2C,PV1
1529,0.290858535,6,L,2C,PV1
1530,0.350602002,9,Q,2C,PV1
1531,0.186445701,2,Y,3A,PV1
1532,0.163163745,2,K,3A,PV1
1533,0.102881643,2,D,3A,PV1
1534,0.242304174,5,L,3A,PV1
1535,0.112616611,4,K,3A,PV1
1536,0.007630763,2,I,3A,PV1
1537,0,1,D,3A,PV1
1538,0.185158244,2,I,3A,PV1
1539,0.165338275,5,K,3A,PV1
1540,-0.403711436,1,Gap,3A,PV1
1541,0.36091186,7,T,3A,PV1
1542,0.269992833,6,T,3A,PV1
1543,0,1,P,3A,PV1
1544,0.154618292,2,P,3A,PV1
1545,0,1,P,3A,PV1
1546,0.328860439,4,E,3A,PV1
1547,0.308593997,3,C,3A,PV1
1548,0,1,I,3A,PV1
1549,0.301044839,4,N,3A,PV1
1550,0,1,D,3A,PV1
1551,0,1,L,3A,PV1
1552,0,1,L,3A,PV1
1553,0.25699145,5,Q,3A,PV1
1554,0.231370383,2,S,3A,PV1
1555,0.0241603,2,V,3A,PV1
1556,0,1,D,3A,PV1
1557,0.148943444,3,S,3A,PV1
1558,0.153498684,4,Q,3A,PV1
1559,0.078466235,3,E,3A,PV1
1560,0.136323804,3,V,3A,PV1
1561,0,1,R,3A,PV1
1562,0.177267586,4,D,3A,PV1
1563,0,1,Y,3A,PV1
1564,0,1,C,3A,PV1
1565,0.235691927,4,E,3A,PV1
1566,0.272226258,4,K,3A,PV1
1567,0.202016719,3,K,3A,PV1
1568,0,1,G,3A,PV1
1569,0,1,W,3A,PV1
1570,0.280795422,3,I,3A,PV1
1571,0.143137854,4,V,3A,PV1
1572,-0.403711436,1,Gap,3A,PV1
1573,0.384139528,6,N,3A,PV1
1574,0.403657758,8,I,3A,PV1
1575,0.490267921,5,T,3A,PV1
1576,-0.15931435,3,Gap,3A,PV1
1577,0.285115227,6,S,3A,PV1
1578,0.532412772,7,Q,3A,PV1
1579,0.347225214,6,V,3A,PV1
1580,0.40673689,8,Q,3A,PV1
1581,0.497834248,5,I,3A,PV1
1582,-0.397221891,2,Gap,3A,PV1
1583,0.007630763,2,E,3A,PV1
1584,0,1,R,3A,PV1
1585,0.211500905,5,N,3A,PV1
1586,0.232668162,3,I,3A,PV1
1587,0.230634086,5,N,3A,PV1
1588,0.028915021,2,R,3A,PV1
1589,0,1,A,3A,PV1
1590,0.229834408,5,M,3A,PV1
1591,0.160441804,5,T,3A,PV1
1592,0.092046905,2,I,3A,PV1
1593,0.102881643,2,L,3A,PV1
1594,0,1,Q,3A,PV1
1595,0.129065949,2,A,3A,PV1
1596,0.306246881,3,V,3A,PV1
1597,0.183849513,2,T,3A,PV1
1598,0.131237038,3,T,3A,PV1
1599,0,1,F,3A,PV1
1600,0.102881643,2,A,3A,PV1
1601,0.182519301,2,A,3A,PV1
1602,0.028915021,2,V,3A,PV1
1603,0.110401291,3,A,3A,PV1
1604,0.099583712,3,G,3A,PV1
1605,0.204199668,4,V,3A,PV1
1606,0.102881643,2,V,3A,PV1
1607,0.049806545,2,Y,3A,PV1
1608,0.113753615,3,V,3A,PV1
1609,0.239592919,3,M,3A,PV1
1610,0.007630763,2,Y,3A,PV1
1611,0.176979259,2,K,3A,PV1
1612,0.007630763,2,L,3A,PV1
1613,0.007630763,2,F,3A,PV1
1614,0,1,A,3A,PV1
1615,0.102881643,2,G,3A,PV1
1616,0.38268576,4,H,3A,PV1
1617,0,1,Q,3A,PV1
1618,0,1,G,3B,PV1
1619,0.145392961,2,A,3B,PV1
1620,0,1,Y,3B,PV1
1621,0.007630763,2,T,3B,PV1
1622,0,1,G,3B,PV1
1623,0.053566614,2,L,3B,PV1
1624,0,1,P,3B,PV1
1625,0.252961568,6,N,3B,PV1
1626,0.378874007,10,K,3B,PV1
1627,0.192469897,3,K,3B,PV1
1628,0,1,P,3B,PV1
1629,0.316939255,7,N,3B,PV1
1630,0.175357142,3,V,3B,PV1
1631,0,1,P,3B,PV1
1632,0.015257598,3,T,3B,PV1
1633,0.126595058,3,I,3B,PV1
1634,0.007630763,2,R,3B,PV1
1635,0.291794973,7,T,3B,PV1
1636,0,1,A,3B,PV1
1637,0.033435573,2,K,3B,PV1
1638,0,1,V,3B,PV1
1639,0,1,Q,3B,PV1
1640,0,1,G,3C,PV1
1641,0,1,P,3C,PV1
1642,0.226865168,3,G,3C,PV1
1643,0.007630763,2,F,3C,PV1
1644,0.007630763,2,D,3C,PV1
1645,0,1,Y,3C,PV1
1646,0,1,A,3C,PV1
1647,0.013672816,2,V,3C,PV1
1648,0.007630763,2,A,3C,PV1
1649,0,1,M,3C,PV1
1650,0,1,A,3C,PV1
1651,0.060771019,2,K,3C,PV1
1652,0.146955832,3,R,3C,PV1
1653,0,1,N,3C,PV1
1654,0.108012127,2,I,3C,PV1
1655,0.221284915,6,L,3C,PV1
1656,0.007630763,2,T,3C,PV1
1657,0.013672816,2,A,3C,PV1
1658,0.034346666,4,T,3C,PV1
1659,0,1,T,3C,PV1
1660,0.490280327,11,S,3C,PV1
1661,0.031775268,3,K,3C,PV1
1662,0,1,G,3C,PV1
1663,0,1,E,3C,PV1
1664,0,1,F,3C,PV1
1665,0,1,T,3C,PV1
1666,0,1,M,3C,PV1
1667,0,1,L,3C,PV1
1668,0,1,G,3C,PV1
1669,0.129065949,2,V,3C,PV1
1670,0.185158244,2,H,3C,PV1
1671,0.007630763,2,D,3C,PV1
1672,0.183849513,2,N,3C,PV1
1673,0.041042561,3,V,3C,PV1
1674,0,1,A,3C,PV1
1675,0.222243102,2,I,3C,PV1
1676,0,1,L,3C,PV1
1677,0,1,P,3C,PV1
1678,0,1,T,3C,PV1
1679,0,1,H,3C,PV1
1680,0.196002218,2,A,3C,PV1
1681,0.442006443,8,S,3C,PV1
1682,0.007630763,2,P,3C,PV1
1683,0.007630763,2,G,3C,PV1
1684,0.196253578,3,E,3C,PV1
1685,0.177087012,6,T,3C,PV1
1686,0.137881574,4,I,3C,PV1
1687,0.149986111,7,V,3C,PV1
1688,0.106536774,3,I,3C,PV1
1689,0.29781897,5,D,3C,PV1
1690,0,1,G,3C,PV1
1691,0.100247155,2,K,3C,PV1
1692,0.007630763,2,E,3C,PV1
1693,0.130531933,5,V,3C,PV1
1694,0.264844467,7,E,3C,PV1
1695,0.226460269,2,V,3C,PV1
1696,0.306026173,8,L,3C,PV1
1697,0.015257598,3,D,3C,PV1
1698,0.015257598,3,A,3C,PV1
1699,0.337364581,4,K,3C,PV1
1700,0.217128735,4,A,3C,PV1
1701,0,1,L,3C,PV1
1702,0.217756501,3,E,3C,PV1
1703,0,1,D,3C,PV1
1704,0.294596677,7,Q,3C,PV1
1705,0.378399175,7,A,3C,PV1
1706,0.225913513,3,G,3C,PV1
1707,0.259566694,3,T,3C,PV1
1708,0,1,N,3C,PV1
1709,0,1,L,3C,PV1
1710,0,1,E,3C,PV1
1711,0.007630763,2,I,3C,PV1
1712,0.007630763,2,T,3C,PV1
1713,0.090909307,3,I,3C,PV1
1714,0.194878255,2,V,3C,PV1
1715,0.296026708,7,T,3C,PV1
1716,0.019112761,2,L,3C,PV1
1717,0.359496136,6,K,3C,PV1
1718,0,1,R,3C,PV1
1719,0,1,N,3C,PV1
1720,0,1,E,3C,PV1
1721,0.028915021,2,K,3C,PV1
1722,0,1,F,3C,PV1
1723,0,1,R,3C,PV1
1724,0,1,D,3C,PV1
1725,0,1,I,3C,PV1
1726,0,1,R,3C,PV1
1727,0.267400954,5,P,3C,PV1
1728,0,1,H,3C,PV1
1729,0.15843313,3,I,3C,PV1
1730,0,1,P,3C,PV1
1731,0.121612319,6,T,3C,PV1
1732,0.110401291,3,Q,3C,PV1
1733,0.026731698,3,I,3C,PV1
1734,0.281025707,6,T,3C,PV1
1735,0,1,E,3C,PV1
1736,0,1,T,3C,PV1
1737,0.151242623,6,N,3C,PV1
1738,0.084443524,3,D,3C,PV1
1739,0.183849513,2,G,3C,PV1
1740,0.070900006,2,V,3C,PV1
1741,0,1,L,3C,PV1
1742,0.19689321,3,I,3C,PV1
1743,0,1,V,3C,PV1
1744,0,1,N,3C,PV1
1745,0,1,T,3C,PV1
1746,0.070900006,2,S,3C,PV1
1747,0.070900006,2,K,3C,PV1
1748,0.170550635,3,Y,3C,PV1
1749,0.007630763,2,P,3C,PV1
1750,0.013672816,2,N,3C,PV1
1751,0,1,M,3C,PV1
1752,0.053566614,2,Y,3C,PV1
1753,0.215981119,2,V,3C,PV1
1754,0,1,P,3C,PV1
1755,0,1,V,3C,PV1
1756,0,1,G,3C,PV1
1757,0.154399538,4,A,3C,PV1
1758,0,1,V,3C,PV1
1759,0.205105524,5,T,3C,PV1
1760,0,1,E,3C,PV1
1761,0,1,Q,3C,PV1
1762,0.007630763,2,G,3C,PV1
1763,0.189841277,3,Y,3C,PV1
1764,0.015257598,3,L,3C,PV1
1765,0,1,N,3C,PV1
1766,0,1,L,3C,PV1
1767,0.100416773,4,G,3C,PV1
1768,0,1,G,3C,PV1
1769,0.068349629,3,R,3C,PV1
1770,0.207301045,4,Q,3C,PV1
1771,0.015257598,3,T,3C,PV1
1772,0.195573321,3,A,3C,PV1
1773,0.015257598,3,R,3C,PV1
1774,0.007630763,2,T,3C,PV1
1775,0.015257598,3,L,3C,PV1
1776,0,1,M,3C,PV1
1777,0,1,Y,3C,PV1
1778,0.11051101,2,N,3C,PV1
1779,0,1,F,3C,PV1
1780,0,1,P,3C,PV1
1781,0,1,T,3C,PV1
1782,0.183849513,2,R,3C,PV1
1783,0,1,A,3C,PV1
1784,0,1,G,3C,PV1
1785,0,1,Q,3C,PV1
1786,0,1,C,3C,PV1
1787,0,1,G,3C,PV1
1788,0,1,G,3C,PV1
1789,0.156380106,2,V,3C,PV1
1790,0.299262324,3,I,3C,PV1
1791,0.183849513,2,T,3C,PV1
1792,0.226865168,3,C,3C,PV1
1793,0.021295709,3,T,3C,PV1
1794,0,1,G,3C,PV1
1795,0,1,K,3C,PV1
1796,0,1,V,3C,PV1
1797,0,1,I,3C,PV1
1798,0,1,G,3C,PV1
1799,0.215261378,2,M,3C,PV1
1800,0,1,H,3C,PV1
1801,0.007630763,2,V,3C,PV1
1802,0,1,G,3C,PV1
1803,0,1,G,3C,PV1
1804,0,1,N,3C,PV1
1805,0,1,G,3C,PV1
1806,0,1,S,3C,PV1
1807,0,1,H,3C,PV1
1808,0,1,G,3C,PV1
1809,0,1,F,3C,PV1
1810,0,1,A,3C,PV1
1811,0,1,A,3C,PV1
1812,0,1,A,3C,PV1
1813,0,1,L,3C,PV1
1814,0,1,K,3C,PV1
1815,0,1,R,3C,PV1
1816,0.021295709,3,S,3C,PV1
1817,0,1,Y,3C,PV1
1818,0.007630763,2,F,3C,PV1
1819,0.108644395,5,T,3C,PV1
1820,0.232557818,4,Q,3C,PV1
1821,0.377513313,10,S,3C,PV1
1822,0,1,Q,3C,PV1
1823,0,1,G,3D,PV1
1824,0,1,E,3D,PV1
1825,0.007630763,2,I,3D,PV1
1826,0,1,Q,3D,PV1
1827,0,1,W,3D,PV1
1828,0.066596779,4,M,3D,PV1
1829,0.064231372,2,R,3D,PV1
1830,0.103704208,4,P,3D,PV1
1831,0,1,S,3D,PV1
1832,0.019112761,2,K,3D,PV1
1833,0.185158244,2,E,3D,PV1
1834,0.232131094,5,V,3D,PV1
1835,0,1,G,3D,PV1
1836,0,1,Y,3D,PV1
1837,0,1,P,3D,PV1
1838,0.302889465,3,I,3D,PV1
1839,0.007630763,2,I,3D,PV1
1840,0.014120308,3,N,3D,PV1
1841,0.057218546,2,A,3D,PV1
1842,0,1,P,3D,PV1
1843,0.141942078,5,S,3D,PV1
1844,0.045927912,2,K,3D,PV1
1845,0,1,T,3D,PV1
1846,0,1,K,3D,PV1
1847,0.015257598,3,L,3D,PV1
1848,0.070900006,2,E,3D,PV1
1849,0,1,P,3D,PV1
1850,0,1,S,3D,PV1
1851,0.217369004,2,A,3D,PV1
1852,0,1,F,3D,PV1
1853,0.198348291,3,H,3D,PV1
1854,0.32390032,5,Y,3D,PV1
1855,0.143461367,2,V,3D,PV1
1856,0.015257598,3,F,3D,PV1
1857,0.217181591,5,E,3D,PV1
1858,0,1,G,3D,PV1
1859,0.222610706,5,V,3D,PV1
1860,0,1,K,3D,PV1
1861,0,1,E,3D,PV1
1862,0,1,P,3D,PV1
1863,0,1,A,3D,PV1
1864,0.086313356,2,V,3D,PV1
1865,0,1,L,3D,PV1
1866,0.150139057,6,T,3D,PV1
1867,0.099583712,3,K,3D,PV1
1868,0.203315826,4,N,3D,PV1
1869,0,1,D,3D,PV1
1870,0.021295709,3,P,3D,PV1
1871,0,1,R,3D,PV1
1872,0,1,L,3D,PV1
1873,0.119827732,4,K,3D,PV1
1874,0.286942167,6,T,3D,PV1
1875,0.031775268,3,D,3D,PV1
1876,0,1,F,3D,PV1
1877,0,1,E,3D,PV1
1878,0.036529615,5,E,3D,PV1
1879,0,1,A,3D,PV1
1880,0.133341289,2,I,3D,PV1
1881,0,1,F,3D,PV1
1882,0,1,S,3D,PV1
1883,0,1,K,3D,PV1
1884,0,1,Y,3D,PV1
1885,0.165516531,3,V,3D,PV1
1886,0,1,G,3D,PV1
1887,0,1,N,3D,PV1
1888,0.164634269,5,K,3D,PV1
1889,0.007630763,2,I,3D,PV1
1890,0.135241707,5,T,3D,PV1
1891,0.056180999,6,E,3D,PV1
1892,0.013672816,2,V,3D,PV1
1893,0,1,D,3D,PV1
1894,0.047968239,3,E,3D,PV1
1895,0.026731698,3,Y,3D,PV1
1896,0.013672816,2,M,3D,PV1
1897,0.115382562,2,K,3D,PV1
1898,0.007630763,2,E,3D,PV1
1899,0,1,A,3D,PV1
1900,0.019112761,2,V,3D,PV1
1901,0.007630763,2,D,3D,PV1
1902,0,1,H,3D,PV1
1903,0,1,Y,3D,PV1
1904,0,1,A,3D,PV1
1905,0,1,G,3D,PV1
1906,0,1,Q,3D,PV1
1907,0,1,L,3D,PV1
1908,0.061577319,4,M,3D,PV1
1909,0.052962635,4,S,3D,PV1
1910,0,1,L,3D,PV1
1911,0.007630763,2,D,3D,PV1
1912,0.013672816,2,I,3D,PV1
1913,0.276011446,6,N,3D,PV1
1914,0.021295709,3,T,3D,PV1
1915,0.219196954,7,E,3D,PV1
1916,0.007630763,2,Q,3D,PV1
1917,0,1,M,3D,PV1
1918,0,1,C,3D,PV1
1919,0,1,L,3D,PV1
1920,0.070900006,2,E,3D,PV1
1921,0.070900006,2,D,3D,PV1
1922,0,1,A,3D,PV1
1923,0.07726553,2,M,3D,PV1
1924,0,1,Y,3D,PV1
1925,0,1,G,3D,PV1
1926,0,1,T,3D,PV1
1927,0.09756439,2,D,3D,PV1
1928,0.007630763,2,G,3D,PV1
1929,0,1,L,3D,PV1
1930,0,1,E,3D,PV1
1931,0,1,A,3D,PV1
1932,0,1,L,3D,PV1
1933,0,1,D,3D,PV1
1934,0.015257598,3,L,3D,PV1
1935,0.220541162,2,S,3D,PV1
1936,0,1,T,3D,PV1
1937,0,1,S,3D,PV1
1938,0,1,A,3D,PV1
1939,0,1,G,3D,PV1
1940,0.007630763,2,Y,3D,PV1
1941,0,1,P,3D,PV1
1942,0,1,Y,3D,PV1
1943,0.013672816,2,V,3D,PV1
1944,-0.405585686,1,Gap,3D,PV1
1945,0.094831603,2,A,3D,PV1
1946,0.326345834,3,M,3D,PV1
1947,0,1,G,3D,PV1
1948,0.013672816,2,K,3D,PV1
1949,0.080344855,2,K,3D,PV1
1950,0,1,K,3D,PV1
1951,0,1,R,3D,PV1
1952,0.12691579,3,D,3D,PV1
1953,0,1,I,3D,PV1
1954,0.013672816,2,L,3D,PV1
1955,0.064231372,2,N,3D,PV1
1956,0,1,K,3D,PV1
1957,0.110401291,3,Q,3D,PV1
1958,0,1,T,3D,PV1
1959,0.0241603,2,R,3D,PV1
1960,0.015257598,3,D,3D,PV1
1961,0.007630763,2,T,3D,PV1
1962,0.041917958,2,K,3D,PV1
1963,0,1,E,3D,PV1
1964,0,1,M,3D,PV1
1965,0.087292994,4,Q,3D,PV1
1966,0.172587456,2,R,3D,PV1
1967,0.179793572,2,L,3D,PV1
1968,0.007630763,2,L,3D,PV1
1969,0,1,D,3D,PV1
1970,0.263053216,7,T,3D,PV1
1971,0,1,Y,3D,PV1
1972,0,1,G,3D,PV1
1973,0,1,I,3D,PV1
1974,0,1,N,3D,PV1
1975,0,1,L,3D,PV1
1976,0,1,P,3D,PV1
1977,0,1,L,3D,PV1
1978,0.007630763,2,V,3D,PV1
1979,0,1,T,3D,PV1
1980,0.007630763,2,Y,3D,PV1
1981,0,1,V,3D,PV1
1982,0,1,K,3D,PV1
1983,0.007630763,2,D,3D,PV1
1984,0,1,E,3D,PV1
1985,0,1,L,3D,PV1
1986,0.007630763,2,R,3D,PV1
1987,0.134843995,4,S,3D,PV1
1988,0.169390458,3,K,3D,PV1
1989,0.320617694,7,T,3D,PV1
1990,0.007630763,2,K,3D,PV1
1991,0.092046905,2,V,3D,PV1
1992,0.078466235,3,E,3D,PV1
1993,0.149480827,5,Q,3D,PV1
1994,0,1,G,3D,PV1
1995,0,1,K,3D,PV1
1996,0,1,S,3D,PV1
1997,0,1,R,3D,PV1
1998,0,1,L,3D,PV1
1999,0,1,I,3D,PV1
2000,0,1,E,3D,PV1
2001,0,1,A,3D,PV1
2002,0,1,S,3D,PV1
2003,0,1,S,3D,PV1
2004,0.007630763,2,L,3D,PV1
2005,0.007630763,2,N,3D,PV1
2006,0,1,D,3D,PV1
2007,0,1,S,3D,PV1
2008,0,1,V,3D,PV1
2009,0,1,A,3D,PV1
2010,0.007630763,2,M,3D,PV1
2011,0,1,R,3D,PV1
2012,0.183849513,2,M,3D,PV1
2013,0,1,A,3D,PV1
2014,0,1,F,3D,PV1
2015,0,1,G,3D,PV1
2016,0.184751508,3,N,3D,PV1
2017,0,1,L,3D,PV1
2018,0,1,Y,3D,PV1
2019,0,1,A,3D,PV1
2020,0.288175297,5,A,3D,PV1
2021,0,1,F,3D,PV1
2022,0.007630763,2,H,3D,PV1
2023,0.19821232,4,K,3D,PV1
2024,0,1,N,3D,PV1
2025,0,1,P,3D,PV1
2026,0,1,G,3D,PV1
2027,0.219893069,3,V,3D,PV1
2028,0.204199668,4,V,3D,PV1
2029,0,1,T,3D,PV1
2030,0,1,G,3D,PV1
2031,0.007630763,2,S,3D,PV1
2032,0,1,A,3D,PV1
2033,0,1,V,3D,PV1
2034,0,1,G,3D,PV1
2035,0,1,C,3D,PV1
2036,0,1,D,3D,PV1
2037,0,1,P,3D,PV1
2038,0,1,D,3D,PV1
2039,0.243572139,5,L,3D,PV1
2040,0,1,F,3D,PV1
2041,0,1,W,3D,PV1
2042,0,1,S,3D,PV1
2043,0.015257598,3,K,3D,PV1
2044,0.139507517,2,I,3D,PV1
2045,0,1,P,3D,PV1
2046,0.007630763,2,V,3D,PV1
2047,0.163163745,2,L,3D,PV1
2048,0.183849513,2,M,3D,PV1
2049,0.197158103,4,E,3D,PV1
2050,0.234175749,4,E,3D,PV1
2051,0.284598664,5,K,3D,PV1
2052,0,1,L,3D,PV1
2053,0,1,F,3D,PV1
2054,0.006489544,2,A,3D,PV1
2055,0,1,F,3D,PV1
2056,0,1,D,3D,PV1
2057,0,1,Y,3D,PV1
2058,0.007630763,2,T,3D,PV1
2059,0.013672816,2,G,3D,PV1
2060,0,1,Y,3D,PV1
2061,0,1,D,3D,PV1
2062,0,1,A,3D,PV1
2063,0,1,S,3D,PV1
2064,0,1,L,3D,PV1
2065,0.007630763,2,S,3D,PV1
2066,0,1,P,3D,PV1
2067,0.013672816,2,A,3D,PV1
2068,0,1,W,3D,PV1
2069,0,1,F,3D,PV1
2070,0,1,E,3D,PV1
2071,0,1,A,3D,PV1
2072,0,1,L,3D,PV1
2073,0,1,K,3D,PV1
2074,0.046395074,4,M,3D,PV1
2075,0,1,V,3D,PV1
2076,0,1,L,3D,PV1
2077,0.007630763,2,E,3D,PV1
2078,0.007630763,2,K,3D,PV1
2079,0.007630763,2,I,3D,PV1
2080,0,1,G,3D,PV1
2081,0.09756439,2,F,3D,PV1
2082,0,1,G,3D,PV1
2083,0.022880491,4,D,3D,PV1
2084,0,1,R,3D,PV1
2085,-0.403711436,1,Gap,3D,PV1
2086,0.126859992,4,V,3D,PV1
2087,0,1,D,3D,PV1
2088,0.142886401,3,Y,3D,PV1
2089,0.007630763,2,I,3D,PV1
2090,0,1,D,3D,PV1
2091,0.013672816,2,Y,3D,PV1
2092,0,1,L,3D,PV1
2093,0,1,N,3D,PV1
2094,0,1,H,3D,PV1
2095,0,1,S,3D,PV1
2096,0,1,H,3D,PV1
2097,0,1,H,3D,PV1
2098,0,1,L,3D,PV1
2099,0.057218546,2,Y,3D,PV1
2100,0.139507517,2,K,3D,PV1
2101,0,1,N,3D,PV1
2102,0.007630763,2,K,3D,PV1
2103,0.197158103,4,T,3D,PV1
2104,0,1,Y,3D,PV1
2105,0,1,C,3D,PV1
2106,0,1,V,3D,PV1
2107,0.007630763,2,K,3D,PV1
2108,0,1,G,3D,PV1
2109,0,1,G,3D,PV1
2110,0,1,M,3D,PV1
2111,0,1,P,3D,PV1
2112,0,1,S,3D,PV1
2113,0,1,G,3D,PV1
2114,0,1,C,3D,PV1
2115,0,1,S,3D,PV1
2116,0,1,G,3D,PV1
2117,0,1,T,3D,PV1
2118,0,1,S,3D,PV1
2119,0.021295709,3,I,3D,PV1
2120,0,1,F,3D,PV1
2121,0,1,N,3D,PV1
2122,0.074118489,2,S,3D,PV1
2123,0,1,M,3D,PV1
2124,0,1,I,3D,PV1
2125,0,1,N,3D,PV1
2126,0,1,N,3D,PV1
2127,0.149168156,2,L,3D,PV1
2128,0,1,I,3D,PV1
2129,0,1,I,3D,PV1
2130,0,1,R,3D,PV1
2131,0,1,T,3D,PV1
2132,0,1,L,3D,PV1
2133,0.139507517,2,L,3D,PV1
2134,0.021295709,3,L,3D,PV1
2135,0.049806545,2,K,3D,PV1
2136,0,1,T,3D,PV1
2137,0,1,Y,3D,PV1
2138,0.007630763,2,K,3D,PV1
2139,0.007630763,2,G,3D,PV1
2140,0.237216433,3,I,3D,PV1
2141,0.007630763,2,D,3D,PV1
2142,0,1,L,3D,PV1
2143,0.007630763,2,D,3D,PV1
2144,0.183849513,2,H,3D,PV1
2145,0,1,L,3D,PV1
2146,0.185158244,2,K,3D,PV1
2147,0,1,M,3D,PV1
2148,0.021295709,3,I,3D,PV1
2149,0,1,A,3D,PV1
2150,0,1,Y,3D,PV1
2151,0,1,G,3D,PV1
2152,0,1,D,3D,PV1
2153,0,1,D,3D,PV1
2154,0,1,V,3D,PV1
2155,0.108012127,2,I,3D,PV1
2156,0.007630763,2,A,3D,PV1
2157,0,1,S,3D,PV1
2158,0,1,Y,3D,PV1
2159,0,1,P,3D,PV1
2160,0,1,H,3D,PV1
2161,0.230906921,4,E,3D,PV1
2162,0.185158244,2,V,3D,PV1
2163,0,1,D,3D,PV1
2164,0,1,A,3D,PV1
2165,0.183849513,2,S,3D,PV1
2166,0,1,L,3D,PV1
2167,0,1,L,3D,PV1
2168,0,1,A,3D,PV1
2169,0,1,Q,3D,PV1
2170,0.237207915,3,S,3D,PV1
2171,0,1,G,3D,PV1
2172,0.007630763,2,K,3D,PV1
2173,0.064801252,3,D,3D,PV1
2174,0,1,Y,3D,PV1
2175,0,1,G,3D,PV1
2176,0.007630763,2,L,3D,PV1
2177,0.266954374,6,T,3D,PV1
2178,0.007630763,2,M,3D,PV1
2179,0,1,T,3D,PV1
2180,0,1,P,3D,PV1
2181,0,1,A,3D,PV1
2182,0,1,D,3D,PV1
2183,0,1,K,3D,PV1
2184,0.183849513,2,S,3D,PV1
2185,0.208146911,7,A,3D,PV1
2186,0.135667961,6,T,3D,PV1
2187,0,1,F,3D,PV1
2188,0.241842907,6,E,3D,PV1
2189,0.504197567,12,T,3D,PV1
2190,0,1,V,3D,PV1
2191,0.148260801,4,T,3D,PV1
2192,0,1,W,3D,PV1
2193,-0.405585686,1,Gap,3D,PV1
2194,0.159394292,4,E,3D,PV1
2195,0.116331826,3,N,3D,PV1
2196,0.169883874,4,V,3D,PV1
2197,0,1,T,3D,PV1
2198,0,1,F,3D,PV1
2199,0,1,L,3D,PV1
2200,0,1,K,3D,PV1
2201,0,1,R,3D,PV1
2202,0.0241603,2,F,3D,PV1
2203,0,1,F,3D,PV1
2204,0,1,R,3D,PV1
2205,0.028914647,4,A,3D,PV1
2206,0,1,D,3D,PV1
2207,0.007630763,2,E,3D,PV1
2208,0.233892695,3,K,3D,PV1
2209,0.074118489,2,Y,3D,PV1
2210,0,1,P,3D,PV1
2211,0.070900006,2,F,3D,PV1
2212,0,1,L,3D,PV1
2213,0.226056801,2,V,3D,PV1
2214,0,1,H,3D,PV1
2215,0,1,P,3D,PV1
2216,0,1,V,3D,PV1
2217,0,1,M,3D,PV1
2218,0.007630763,2,P,3D,PV1
2219,0,1,M,3D,PV1
2220,0.142311313,8,K,3D,PV1
2221,0.139507517,2,E,3D,PV1
2222,0.007630763,2,I,3D,PV1
2223,0.209472653,3,H,3D,PV1
2224,0,1,E,3D,PV1
2225,0,1,S,3D,PV1
2226,0,1,I,3D,PV1
2227,0,1,R,3D,PV1
2228,0,1,W,3D,PV1
2229,0,1,T,3D,PV1
2230,0,1,K,3D,PV1
2231,0,1,D,3D,PV1
2232,0,1,P,3D,PV1
2233,0.070900006,2,R,3D,PV1
2234,0,1,N,3D,PV1
2235,0,1,T,3D,PV1
2236,0,1,Q,3D,PV1
2237,0,1,D,3D,PV1
2238,0,1,H,3D,PV1
2239,0,1,V,3D,PV1
2240,0,1,R,3D,PV1
2241,0,1,S,3D,PV1
2242,0,1,L,3D,PV1
2243,0,1,C,3D,PV1
2244,0.021295709,3,L,3D,PV1
2245,0,1,L,3D,PV1
2246,0,1,A,3D,PV1
2247,0.007630763,2,W,3D,PV1
2248,0,1,H,3D,PV1
2249,0,1,N,3D,PV1
2250,0,1,G,3D,PV1
2251,0.163483859,7,E,3D,PV1
2252,0.184345851,7,E,3D,PV1
2253,0.176442358,6,E,3D,PV1
2254,0,1,Y,3D,PV1
2255,0.028915021,2,N,3D,PV1
2256,0.070704686,5,K,3D,PV1
2257,0,1,F,3D,PV1
2258,0,1,L,3D,PV1
2259,0.136449692,4,A,3D,PV1
2260,0.222880011,4,K,3D,PV1
2261,0.092046905,2,I,3D,PV1
2262,0.007630763,2,R,3D,PV1
2263,0,1,S,3D,PV1
2264,0.007630763,2,V,3D,PV1
2265,0.070900006,2,P,3D,PV1
2266,0.190182394,2,I,3D,PV1
2267,0.007630763,2,G,3D,PV1
2268,0,1,R,3D,PV1
2269,0,1,A,3D,PV1
2270,0,1,L,3D,PV1
2271,0.007630763,2,L,3D,PV1
2272,0,1,L,3D,PV1
2273,0.007630763,2,P,3D,PV1
2274,0.007630763,2,E,3D,PV1
2275,0.015257598,3,Y,3D,PV1
2276,0.07726553,2,S,3D,PV1
2277,0,1,T,3D,PV1
2278,0,1,L,3D,PV1
2279,0.191166339,3,Y,3D,PV1
2280,0,1,R,3D,PV1
2281,0,1,R,3D,PV1
2282,0.007630763,2,W,3D,PV1
2283,0.015257598,3,L,3D,PV1
2284,0.007630763,2,D,3D,PV1
2285,0.015257598,3,S,3D,PV1
2286,0.015257598,3,F,3D,PV1
