Site,EVD_Entropy,Number_of_Residues,Amino_Acid_or_Gap,protein,virus
1,0,1,M,VP4,EVD68
2,0,1,G,VP4,EVD68
3,0,1,A,VP4,EVD68
4,0,1,Q,VP4,EVD68
5,0,1,V,VP4,EVD68
6,0.158912615,2,T,VP4,EVD68
7,0,1,R,VP4,EVD68
8,0,1,Q,VP4,EVD68
9,0,1,Q,VP4,EVD68
10,0,1,T,VP4,EVD68
11,0.049351532,3,G,VP4,EVD68
12,0,1,T,VP4,EVD68
13,0,1,H,VP4,EVD68
14,0,1,E,VP4,EVD68
15,0,1,N,VP4,EVD68
16,0,1,A,VP4,EVD68
17,0,1,N,VP4,EVD68
18,0.21712965,3,I,VP4,EVD68
19,0,1,A,VP4,EVD68
20,0,1,T,VP4,EVD68
21,0.151655564,2,N,VP4,EVD68
22,0.02470935,2,G,VP4,EVD68
23,0,1,S,VP4,EVD68
24,0.187566604,3,H,VP4,EVD68
25,0,1,I,VP4,EVD68
26,0,1,T,VP4,EVD68
27,0,1,Y,VP4,EVD68
28,0,1,N,VP4,EVD68
29,0,1,Q,VP4,EVD68
30,0,1,I,VP4,EVD68
31,0,1,N,VP4,EVD68
32,0,1,F,VP4,EVD68
33,0,1,Y,VP4,EVD68
34,0,1,K,VP4,EVD68
35,0,1,D,VP4,EVD68
36,0,1,S,VP4,EVD68
37,0.02470935,2,Y,VP4,EVD68
38,0,1,A,VP4,EVD68
39,0,1,A,VP4,EVD68
40,0,1,S,VP4,EVD68
41,0,1,A,VP4,EVD68
42,0,1,S,VP4,EVD68
43,0,1,K,VP4,EVD68
44,0,1,Q,VP4,EVD68
45,0,1,D,VP4,EVD68
46,0,1,F,VP4,EVD68
47,0,1,S,VP4,EVD68
48,0,1,Q,VP4,EVD68
49,0,1,D,VP4,EVD68
50,0,1,P,VP4,EVD68
51,0,1,S,VP4,EVD68
52,0,1,K,VP4,EVD68
53,0.02470935,2,F,VP4,EVD68
54,0,1,T,VP4,EVD68
55,0,1,E,VP4,EVD68
56,0,1,P,VP4,EVD68
57,0.02470935,2,V,VP4,EVD68
58,0.096684686,2,V,VP4,EVD68
59,0.07235969,2,E,VP4,EVD68
60,0.096684686,2,G,VP4,EVD68
61,0,1,L,VP4,EVD68
62,0,1,K,VP4,EVD68
63,0,1,A,VP4,EVD68
64,0,1,G,VP4,EVD68
65,0.02470935,2,A,VP4,EVD68
66,0,1,P,VP4,EVD68
67,0.02470935,2,V,VP4,EVD68
68,0,1,L,VP4,EVD68
69,0,1,K,VP4,EVD68
70,0,1,S,VP2,EVD68
71,0,1,P,VP2,EVD68
72,0,1,S,VP2,EVD68
73,0,1,A,VP2,EVD68
74,0,1,E,VP2,EVD68
75,0,1,A,VP2,EVD68
76,0,1,C,VP2,EVD68
77,0,1,G,VP2,EVD68
78,0,1,Y,VP2,EVD68
79,0,1,S,VP2,EVD68
80,0,1,D,VP2,EVD68
81,0,1,R,VP2,EVD68
82,0,1,V,VP2,EVD68
83,0,1,L,VP2,EVD68
84,0,1,Q,VP2,EVD68
85,0,1,L,VP2,EVD68
86,0,1,K,VP2,EVD68
87,0,1,L,VP2,EVD68
88,0,1,G,VP2,EVD68
89,0,1,N,VP2,EVD68
90,0,1,S,VP2,EVD68
91,0.117525175,2,A,VP2,EVD68
92,0,1,I,VP2,EVD68
93,0,1,V,VP2,EVD68
94,0,1,T,VP2,EVD68
95,0,1,Q,VP2,EVD68
96,0,1,E,VP2,EVD68
97,0,1,A,VP2,EVD68
98,0,1,A,VP2,EVD68
99,0,1,N,VP2,EVD68
100,0.212449447,4,Y,VP2,EVD68
101,0,1,C,VP2,EVD68
102,0,1,C,VP2,EVD68
103,0,1,A,VP2,EVD68
104,0,1,Y,VP2,EVD68
105,0,1,G,VP2,EVD68
106,0,1,E,VP2,EVD68
107,0,1,W,VP2,EVD68
108,0,1,P,VP2,EVD68
109,0.183207908,4,N,VP2,EVD68
110,0,1,Y,VP2,EVD68
111,0,1,L,VP2,EVD68
112,0.096684686,2,P,VP2,EVD68
113,0,1,D,VP2,EVD68
114,0.214593835,4,H,VP2,EVD68
115,0,1,E,VP2,EVD68
116,0,1,A,VP2,EVD68
117,0.07235969,2,V,VP2,EVD68
118,0,1,A,VP2,EVD68
119,0,1,I,VP2,EVD68
120,0,1,D,VP2,EVD68
121,0,1,K,VP2,EVD68
122,0,1,P,VP2,EVD68
123,0.042833836,2,T,VP2,EVD68
124,0,1,Q,VP2,EVD68
125,0,1,P,VP2,EVD68
126,0,1,E,VP2,EVD68
127,0,1,T,VP2,EVD68
128,0.165726587,2,A,VP2,EVD68
129,0,1,T,VP2,EVD68
130,0,1,D,VP2,EVD68
131,0,1,R,VP2,EVD68
132,0,1,F,VP2,EVD68
133,0,1,Y,VP2,EVD68
134,0,1,T,VP2,EVD68
135,0,1,L,VP2,EVD68
136,0.297899484,3,K,VP2,EVD68
137,0,1,S,VP2,EVD68
138,0.141668234,3,V,VP2,EVD68
139,0,1,K,VP2,EVD68
140,0,1,W,VP2,EVD68
141,0,1,E,VP2,EVD68
142,0.401122025,5,A,VP2,EVD68
143,0.466271237,7,E,VP2,EVD68
144,0,1,S,VP2,EVD68
145,0.158912615,2,T,VP2,EVD68
146,0,1,G,VP2,EVD68
147,0,1,W,VP2,EVD68
148,0,1,W,VP2,EVD68
149,0,1,W,VP2,EVD68
150,0,1,K,VP2,EVD68
151,0,1,L,VP2,EVD68
152,0,1,P,VP2,EVD68
153,0,1,D,VP2,EVD68
154,0,1,A,VP2,EVD68
155,0,1,L,VP2,EVD68
156,0,1,N,VP2,EVD68
157,0.151655564,2,N,VP2,EVD68
158,0.096794415,3,I,VP2,EVD68
159,0.02470935,2,G,VP2,EVD68
160,0,1,M,VP2,EVD68
161,0,1,F,VP2,EVD68
162,0,1,G,VP2,EVD68
163,0,1,Q,VP2,EVD68
164,0,1,N,VP2,EVD68
165,0,1,V,VP2,EVD68
166,0,1,Q,VP2,EVD68
167,0.206623246,2,H,VP2,EVD68
168,0,1,H,VP2,EVD68
169,0,1,Y,VP2,EVD68
170,0,1,L,VP2,EVD68
171,0,1,Y,VP2,EVD68
172,0,1,R,VP2,EVD68
173,0,1,S,VP2,EVD68
174,0,1,G,VP2,EVD68
175,0,1,F,VP2,EVD68
176,0,1,L,VP2,EVD68
177,0.179559903,3,I,VP2,EVD68
178,0,1,H,VP2,EVD68
179,0,1,V,VP2,EVD68
180,0,1,Q,VP2,EVD68
181,0,1,C,VP2,EVD68
182,0,1,N,VP2,EVD68
183,0,1,A,VP2,EVD68
184,0,1,T,VP2,EVD68
185,0,1,K,VP2,EVD68
186,0,1,F,VP2,EVD68
187,0,1,H,VP2,EVD68
188,0,1,Q,VP2,EVD68
189,0,1,G,VP2,EVD68
190,0.07235969,2,A,VP2,EVD68
191,0,1,L,VP2,EVD68
192,0.02470935,2,L,VP2,EVD68
193,0.042833836,2,V,VP2,EVD68
194,0.085031145,2,V,VP2,EVD68
195,0.02470935,2,A,VP2,EVD68
196,0,1,I,VP2,EVD68
197,0,1,P,VP2,EVD68
198,0,1,E,VP2,EVD68
199,0,1,H,VP2,EVD68
200,0,1,Q,VP2,EVD68
201,0.187566604,3,R,VP2,EVD68
202,0,1,G,VP2,EVD68
203,0.151655564,2,A,VP2,EVD68
204,0.308901391,4,H,VP2,EVD68
205,0.187566604,3,N,VP2,EVD68
206,0,1,T,VP2,EVD68
207,0.322281216,3,T,VP2,EVD68
208,0.02470935,2,T,VP2,EVD68
209,0,1,S,VP2,EVD68
210,0.151655564,2,P,VP2,EVD68
211,0.299012549,4,G,VP2,EVD68
212,0,1,F,VP2,EVD68
213,0.365537347,5,D,VP2,EVD68
214,0.141668234,3,D,VP2,EVD68
215,0.151655564,2,I,VP2,EVD68
216,0,1,M,VP2,EVD68
217,0.02470935,2,K,VP2,EVD68
218,0,1,G,VP2,EVD68
219,0.187566604,3,E,VP2,EVD68
220,0.409007929,8,E,VP2,EVD68
221,0,1,G,VP2,EVD68
222,0,1,G,VP2,EVD68
223,0.248652566,4,T,VP2,EVD68
224,0,1,F,VP2,EVD68
225,0.350474064,7,N,VP2,EVD68
226,0.138675832,3,H,VP2,EVD68
227,0,1,P,VP2,EVD68
228,0,1,Y,VP2,EVD68
229,0.117525175,2,V,VP2,EVD68
230,0,1,L,VP2,EVD68
231,0,1,D,VP2,EVD68
232,0,1,D,VP2,EVD68
233,0,1,G,VP2,EVD68
234,0,1,T,VP2,EVD68
235,0,1,S,VP2,EVD68
236,0.042833836,2,L,VP2,EVD68
237,0,1,A,VP2,EVD68
238,0,1,C,VP2,EVD68
239,0.135691222,2,A,VP2,EVD68
240,0.151655564,2,T,VP2,EVD68
241,0.042833836,2,I,VP2,EVD68
242,0.042833836,2,F,VP2,EVD68
243,0,1,P,VP2,EVD68
244,0,1,H,VP2,EVD68
245,0.02470935,2,Q,VP2,EVD68
246,0,1,W,VP2,EVD68
247,0,1,I,VP2,EVD68
248,0,1,N,VP2,EVD68
249,0,1,L,VP2,EVD68
250,0,1,R,VP2,EVD68
251,0,1,T,VP2,EVD68
252,0,1,N,VP2,EVD68
253,0,1,N,VP2,EVD68
254,0,1,S,VP2,EVD68
255,0.02470935,2,A,VP2,EVD68
256,0,1,T,VP2,EVD68
257,0,1,I,VP2,EVD68
258,0.155975748,3,V,VP2,EVD68
259,0,1,L,VP2,EVD68
260,0,1,P,VP2,EVD68
261,0,1,W,VP2,EVD68
262,0,1,M,VP2,EVD68
263,0,1,N,VP2,EVD68
264,0.20090755,4,A,VP2,EVD68
265,0,1,A,VP2,EVD68
266,0,1,P,VP2,EVD68
267,0,1,M,VP2,EVD68
268,0,1,D,VP2,EVD68
269,0,1,F,VP2,EVD68
270,0.151655564,2,P,VP2,EVD68
271,0,1,L,VP2,EVD68
272,0,1,R,VP2,EVD68
273,0,1,H,VP2,EVD68
274,0,1,N,VP2,EVD68
275,0.131696327,3,Q,VP2,EVD68
276,0,1,W,VP2,EVD68
277,0,1,T,VP2,EVD68
278,0.096684686,2,L,VP2,EVD68
279,0.096684686,2,A,VP2,EVD68
280,0.210234548,2,I,VP2,EVD68
281,0,1,I,VP2,EVD68
282,0,1,P,VP2,EVD68
283,0,1,V,VP2,EVD68
284,0.117525175,2,V,VP2,EVD68
285,0,1,P,VP2,EVD68
286,0,1,L,VP2,EVD68
287,0.07235969,2,Gap,VP2,EVD68
288,0.07235969,2,Gap,VP2,EVD68
289,0.19235931,4,Gap,VP2,EVD68
290,0.151655564,2,Gap,VP2,EVD68
291,0,1,G,VP2,EVD68
292,0,1,T,VP2,EVD68
293,0.187566604,3,R,VP2,EVD68
294,0.187566604,3,T,VP2,EVD68
295,0.385002502,4,M,VP2,EVD68
296,0.187566604,3,S,VP2,EVD68
297,0.151655564,2,S,VP2,EVD68
298,0.183207908,4,M,VP2,EVD68
299,0,1,V,VP2,EVD68
300,0,1,P,VP2,EVD68
301,0,1,I,VP2,EVD68
302,0,1,T,VP2,EVD68
303,0.117525175,2,V,VP2,EVD68
304,0,1,S,VP2,EVD68
305,0,1,I,VP2,EVD68
306,0,1,A,VP2,EVD68
307,0,1,P,VP2,EVD68
308,0,1,M,VP2,EVD68
309,0,1,C,VP2,EVD68
310,0.117525175,2,C,VP2,EVD68
311,0,1,E,VP2,EVD68
312,0.117525175,2,F,VP2,EVD68
313,0,1,N,VP2,EVD68
314,0,1,G,VP2,EVD68
315,0,1,L,VP2,EVD68
316,0,1,R,VP2,EVD68
317,0.151655564,2,H,VP2,EVD68
318,0,1,A,VP2,EVD68
319,0,1,I,VP2,EVD68
320,0.158912615,2,T,VP2,EVD68
321,0,1,Q,VP2,EVD68
322,0,1,G,VP3,EVD68
323,0,1,V,VP3,EVD68
324,0,1,P,VP3,EVD68
325,0,1,T,VP3,EVD68
326,0.02470935,2,Y,VP3,EVD68
327,0,1,L,VP3,EVD68
328,0,1,L,VP3,EVD68
329,0,1,P,VP3,EVD68
330,0,1,G,VP3,EVD68
331,0,1,S,VP3,EVD68
332,0.127168089,3,G,VP3,EVD68
333,0,1,Q,VP3,EVD68
334,0,1,F,VP3,EVD68
335,0.058430119,2,L,VP3,EVD68
336,0,1,T,VP3,EVD68
337,0,1,T,VP3,EVD68
338,0,1,D,VP3,EVD68
339,0,1,D,VP3,EVD68
340,0.042833836,2,H,VP3,EVD68
341,0,1,S,VP3,EVD68
342,0,1,S,VP3,EVD68
343,0,1,A,VP3,EVD68
344,0,1,P,VP3,EVD68
345,0.17811971,2,V,VP3,EVD68
346,0.151655564,2,L,VP3,EVD68
347,0,1,P,VP3,EVD68
348,0.151655564,2,C,VP3,EVD68
349,0,1,F,VP3,EVD68
350,0.143926575,2,N,VP3,EVD68
351,0,1,P,VP3,EVD68
352,0,1,T,VP3,EVD68
353,0,1,P,VP3,EVD68
354,0,1,E,VP3,EVD68
355,0.07235969,2,M,VP3,EVD68
356,0,1,H,VP3,EVD68
357,0,1,I,VP3,EVD68
358,0,1,P,VP3,EVD68
359,0,1,G,VP3,EVD68
360,0.167333026,3,Q,VP3,EVD68
361,0.082935018,3,V,VP3,EVD68
362,0.190761741,3,R,VP3,EVD68
363,0.042833836,2,N,VP3,EVD68
364,0.02470935,2,M,VP3,EVD68
365,0,1,L,VP3,EVD68
366,0,1,E,VP3,EVD68
367,0.252147011,4,V,VP3,EVD68
368,0.202702208,2,V,VP3,EVD68
369,0,1,Q,VP3,EVD68
370,0.042833836,2,V,VP3,EVD68
371,0,1,E,VP3,EVD68
372,0,1,S,VP3,EVD68
373,0.096684686,2,M,VP3,EVD68
374,0,1,M,VP3,EVD68
375,0,1,E,VP3,EVD68
376,0.096684686,2,I,VP3,EVD68
377,0,1,N,VP3,EVD68
378,0,1,N,VP3,EVD68
379,0.175487658,3,T,VP3,EVD68
380,0.244537113,5,E,VP3,EVD68
381,0.471776027,6,S,VP3,EVD68
382,0.067407879,3,A,VP3,EVD68
383,0.279443917,4,V,VP3,EVD68
384,0,1,G,VP3,EVD68
385,0.042833836,2,M,VP3,EVD68
386,0.290905532,3,E,VP3,EVD68
387,0,1,R,VP3,EVD68
388,0,1,L,VP3,EVD68
389,0.172121962,2,K,VP3,EVD68
390,0.02470935,2,V,VP3,EVD68
391,0.246225869,7,D,VP3,EVD68
392,0,1,I,VP3,EVD68
393,0.096684686,2,S,VP3,EVD68
394,0.32939517,4,A,VP3,EVD68
395,0.199926026,3,L,VP3,EVD68
396,0.085395082,3,T,VP3,EVD68
397,0,1,D,VP3,EVD68
398,0.207411772,3,V,VP3,EVD68
399,0,1,D,VP3,EVD68
400,0.210876261,5,Q,VP3,EVD68
401,0,1,L,VP3,EVD68
402,0,1,L,VP3,EVD68
403,0,1,F,VP3,EVD68
404,0,1,N,VP3,EVD68
405,0,1,I,VP3,EVD68
406,0,1,P,VP3,EVD68
407,0,1,L,VP3,EVD68
408,0,1,D,VP3,EVD68
409,0,1,I,VP3,EVD68
410,0.02470935,2,Q,VP3,EVD68
411,0,1,L,VP3,EVD68
412,0.117525175,2,D,VP3,EVD68
413,0,1,G,VP3,EVD68
414,0,1,P,VP3,EVD68
415,0,1,L,VP3,EVD68
416,0,1,R,VP3,EVD68
417,0.07235969,2,N,VP3,EVD68
418,0,1,T,VP3,EVD68
419,0,1,L,VP3,EVD68
420,0.151655564,2,V,VP3,EVD68
421,0.07235969,2,G,VP3,EVD68
422,0,1,N,VP3,EVD68
423,0,1,I,VP3,EVD68
424,0.07235969,2,S,VP3,EVD68
425,0,1,R,VP3,EVD68
426,0,1,Y,VP3,EVD68
427,0,1,Y,VP3,EVD68
428,0,1,T,VP3,EVD68
429,0,1,H,VP3,EVD68
430,0,1,W,VP3,EVD68
431,0,1,S,VP3,EVD68
432,0,1,G,VP3,EVD68
433,0,1,S,VP3,EVD68
434,0.07235969,2,L,VP3,EVD68
435,0,1,E,VP3,EVD68
436,0,1,M,VP3,EVD68
437,0,1,T,VP3,EVD68
438,0,1,F,VP3,EVD68
439,0,1,M,VP3,EVD68
440,0.096684686,2,F,VP3,EVD68
441,0,1,C,VP3,EVD68
442,0,1,G,VP3,EVD68
443,0,1,S,VP3,EVD68
444,0,1,F,VP3,EVD68
445,0,1,M,VP3,EVD68
446,0.117525175,2,A,VP3,EVD68
447,0,1,T,VP3,EVD68
448,0.02470935,2,G,VP3,EVD68
449,0,1,K,VP3,EVD68
450,0.07235969,2,L,VP3,EVD68
451,0,1,I,VP3,EVD68
452,0.117525175,2,L,VP3,EVD68
453,0,1,C,VP3,EVD68
454,0,1,Y,VP3,EVD68
455,0,1,T,VP3,EVD68
456,0,1,P,VP3,EVD68
457,0,1,P,VP3,EVD68
458,0,1,G,VP3,EVD68
459,0,1,G,VP3,EVD68
460,0,1,S,VP3,EVD68
461,0.042833836,2,C,VP3,EVD68
462,0,1,P,VP3,EVD68
463,0.02470935,2,T,VP3,EVD68
464,0.151655564,2,T,VP3,EVD68
465,0,1,R,VP3,EVD68
466,0.165735458,4,E,VP3,EVD68
467,0.177075456,3,T,VP3,EVD68
468,0,1,A,VP3,EVD68
469,0,1,M,VP3,EVD68
470,0,1,L,VP3,EVD68
471,0.042833836,2,G,VP3,EVD68
472,0,1,T,VP3,EVD68
473,0.042833836,2,H,VP3,EVD68
474,0.244155174,3,I,VP3,EVD68
475,0,1,V,VP3,EVD68
476,0,1,W,VP3,EVD68
477,0,1,D,VP3,EVD68
478,0,1,F,VP3,EVD68
479,0,1,G,VP3,EVD68
480,0,1,L,VP3,EVD68
481,0,1,Q,VP3,EVD68
482,0,1,S,VP3,EVD68
483,0,1,S,VP3,EVD68
484,0.21655629,2,V,VP3,EVD68
485,0,1,T,VP3,EVD68
486,0.117525175,2,L,VP3,EVD68
487,0.227355802,2,I,VP3,EVD68
488,0,1,I,VP3,EVD68
489,0,1,P,VP3,EVD68
490,0,1,W,VP3,EVD68
491,0,1,I,VP3,EVD68
492,0,1,S,VP3,EVD68
493,0,1,G,VP3,EVD68
494,0,1,S,VP3,EVD68
495,0,1,H,VP3,EVD68
496,0.07235969,2,Y,VP3,EVD68
497,0,1,R,VP3,EVD68
498,0,1,M,VP3,EVD68
499,0.02470935,2,F,VP3,EVD68
500,0.02470935,2,N,VP3,EVD68
501,0.239090023,6,N,VP3,EVD68
502,0.02470935,2,D,VP3,EVD68
503,0,1,A,VP3,EVD68
504,0,1,K,VP3,EVD68
505,0.117525175,2,S,VP3,EVD68
506,0.151655564,2,T,VP3,EVD68
507,0,1,N,VP3,EVD68
508,0,1,A,VP3,EVD68
509,0,1,N,VP3,EVD68
510,0,1,V,VP3,EVD68
511,0,1,G,VP3,EVD68
512,0,1,Y,VP3,EVD68
513,0.02470935,2,V,VP3,EVD68
514,0,1,T,VP3,EVD68
515,0,1,C,VP3,EVD68
516,0,1,F,VP3,EVD68
517,0,1,M,VP3,EVD68
518,0,1,Q,VP3,EVD68
519,0,1,T,VP3,EVD68
520,0,1,N,VP3,EVD68
521,0,1,L,VP3,EVD68
522,0.042833836,2,I,VP3,EVD68
523,0.117525175,2,V,VP3,EVD68
524,0,1,P,VP3,EVD68
525,0.344830757,4,S,VP3,EVD68
526,0.117525175,2,E,VP3,EVD68
527,0.151655564,2,S,VP3,EVD68
528,0.151655564,2,S,VP3,EVD68
529,0.361434166,4,D,VP3,EVD68
530,0.208717261,4,T,VP3,EVD68
531,0.07235969,2,C,VP3,EVD68
532,0.151655564,2,S,VP3,EVD68
533,0.096684686,2,L,VP3,EVD68
534,0.067407879,3,I,VP3,EVD68
535,0.02470935,2,G,VP3,EVD68
536,0.042833836,2,F,VP3,EVD68
537,0.290667423,3,I,VP3,EVD68
538,0,1,A,VP3,EVD68
539,0,1,A,VP3,EVD68
540,0,1,K,VP3,EVD68
541,0.114640206,3,D,VP3,EVD68
542,0.02470935,2,D,VP3,EVD68
543,0,1,F,VP3,EVD68
544,0.117525175,2,S,VP3,EVD68
545,0,1,L,VP3,EVD68
546,0,1,R,VP3,EVD68
547,0,1,L,VP3,EVD68
548,0,1,M,VP3,EVD68
549,0,1,R,VP3,EVD68
550,0,1,D,VP3,EVD68
551,0.02470935,2,S,VP3,EVD68
552,0,1,P,VP3,EVD68
553,0,1,D,VP3,EVD68
554,0.02470935,2,I,VP3,EVD68
555,0.138675832,3,G,VP3,EVD68
556,0,1,Q,VP3,EVD68
557,0.299549418,4,L,VP1,EVD68
558,0.438653372,6,D,VP1,EVD68
559,0.187566604,3,H,VP1,EVD68
560,0,1,L,VP1,EVD68
561,0.327666809,4,H,VP1,EVD68
562,0.366258823,3,E,VP1,EVD68
563,0.117525175,2,A,VP1,EVD68
564,0.187566604,3,E,VP1,EVD68
565,0,1,A,VP1,EVD68
566,0.164746617,5,A,VP1,EVD68
567,0.208717261,4,Y,VP1,EVD68
568,0,1,Q,VP1,EVD68
569,0.085031145,2,I,VP1,EVD68
570,0.042833836,2,E,VP1,EVD68
571,0.190761741,3,S,VP1,EVD68
572,0.07235969,2,I,VP1,EVD68
573,0.185152757,3,I,VP1,EVD68
574,0.096684686,2,K,VP1,EVD68
575,0,1,T,VP1,EVD68
576,0.151655564,2,A,VP1,EVD68
577,0.151655564,2,T,VP1,EVD68
578,0.165726587,2,D,VP1,EVD68
579,0,1,T,VP1,EVD68
580,0.096684686,2,V,VP1,EVD68
581,0.158912615,2,K,VP1,EVD68
582,0,1,S,VP1,EVD68
583,0,1,E,VP1,EVD68
584,0.096684686,2,I,VP1,EVD68
585,0.20090755,4,N,VP1,EVD68
586,0.02470935,2,A,VP1,EVD68
587,0,1,E,VP1,EVD68
588,0,1,L,VP1,EVD68
589,0,1,G,VP1,EVD68
590,0,1,V,VP1,EVD68
591,0.151655564,2,V,VP1,EVD68
592,0.02470935,2,P,VP1,EVD68
593,0.02470935,2,S,VP1,EVD68
594,0,1,L,VP1,EVD68
595,0.02470935,2,N,VP1,EVD68
596,0,1,A,VP1,EVD68
597,0.143926575,2,V,VP1,EVD68
598,0,1,E,VP1,EVD68
599,0,1,T,VP1,EVD68
600,0,1,G,VP1,EVD68
601,0,1,A,VP1,EVD68
602,0.221716027,2,T,VP1,EVD68
603,0,1,S,VP1,EVD68
604,0,1,N,VP1,EVD68
605,0,1,T,VP1,EVD68
606,0.177908355,4,E,VP1,EVD68
607,0.096684686,2,P,VP1,EVD68
608,0.049351532,3,E,VP1,EVD68
609,0,1,E,VP1,EVD68
610,0,1,A,VP1,EVD68
611,0,1,I,VP1,EVD68
612,0,1,Q,VP1,EVD68
613,0,1,T,VP1,EVD68
614,0,1,R,VP1,EVD68
615,0.07235969,2,T,VP1,EVD68
616,0,1,V,VP1,EVD68
617,0,1,I,VP1,EVD68
618,0,1,N,VP1,EVD68
619,0.138675832,3,Q,VP1,EVD68
620,0,1,H,VP1,EVD68
621,0,1,G,VP1,EVD68
622,0.151655564,2,V,VP1,EVD68
623,0.042833836,2,S,VP1,EVD68
624,0,1,E,VP1,EVD68
625,0.042833836,2,T,VP1,EVD68
626,0.02470935,2,L,VP1,EVD68
627,0.07235969,2,V,VP1,EVD68
628,0,1,E,VP1,EVD68
629,0,1,N,VP1,EVD68
630,0,1,F,VP1,EVD68
631,0,1,L,VP1,EVD68
632,0.195706544,3,S,VP1,EVD68
633,0,1,R,VP1,EVD68
634,0.058430119,2,A,VP1,EVD68
635,0.02470935,2,A,VP1,EVD68
636,0,1,L,VP1,EVD68
637,0,1,V,VP1,EVD68
638,0.187566604,3,S,VP1,EVD68
639,0.151655564,2,K,VP1,EVD68
640,0.190761741,3,R,VP1,EVD68
641,0.07235969,2,S,VP1,EVD68
642,0.096684686,2,F,VP1,EVD68
643,0,1,E,VP1,EVD68
644,0,1,Y,VP1,EVD68
645,0,1,K,VP1,EVD68
646,0.219278839,2,N,VP1,EVD68
647,0,1,H,VP1,EVD68
648,0.288021489,4,T,VP1,EVD68
649,0.175487658,3,S,VP1,EVD68
650,0.049351532,3,S,VP1,EVD68
651,0.472668863,6,E,VP1,EVD68
652,0.290406487,6,A,VP1,EVD68
653,0.441022361,7,Q,VP1,EVD68
654,0.426083241,5,T,VP1,EVD68
655,0.230996353,4,D,VP1,EVD68
656,0.096794415,3,K,VP1,EVD68
657,0,1,N,VP1,EVD68
658,0.058430119,2,F,VP1,EVD68
659,0.183737935,2,F,VP1,EVD68
660,0.138675832,3,K,VP1,EVD68
661,0,1,W,VP1,EVD68
662,0,1,T,VP1,EVD68
663,0.141668234,3,I,VP1,EVD68
664,0,1,N,VP1,EVD68
665,0,1,T,VP1,EVD68
666,0.228689129,2,R,VP1,EVD68
667,0.117525175,2,S,VP1,EVD68
668,0.138931359,4,F,VP1,EVD68
669,0,1,V,VP1,EVD68
670,0,1,Q,VP1,EVD68
671,0.042833836,2,L,VP1,EVD68
672,0.02470935,2,R,VP1,EVD68
673,0.02470935,2,R,VP1,EVD68
674,0,1,K,VP1,EVD68
675,0.187566604,3,L,VP1,EVD68
676,0,1,E,VP1,EVD68
677,0,1,L,VP1,EVD68
678,0,1,F,VP1,EVD68
679,0,1,T,VP1,EVD68
680,0,1,Y,VP1,EVD68
681,0.07235969,2,L,VP1,EVD68
682,0,1,R,VP1,EVD68
683,0,1,F,VP1,EVD68
684,0,1,D,VP1,EVD68
685,0.177825971,3,A,VP1,EVD68
686,0,1,E,VP1,EVD68
687,0.107478638,2,I,VP1,EVD68
688,0,1,T,VP1,EVD68
689,0,1,I,VP1,EVD68
690,0.151655564,2,L,VP1,EVD68
691,0.151655564,2,T,VP1,EVD68
692,0,1,T,VP1,EVD68
693,0.18338155,3,V,VP1,EVD68
694,0.151655564,2,A,VP1,EVD68
695,0.151655564,2,V,VP1,EVD68
696,0.372413635,4,N,VP1,EVD68
697,0.233820044,3,G,VP1,EVD68
698,0.142988992,4,S,VP1,EVD68
699,0.326829633,5,S,VP1,EVD68
700,0.232831664,4,N,VP1,EVD68
701,0.383775438,5,S,VP1,EVD68
702,0.175487658,3,T,VP1,EVD68
703,0.042833836,2,Y,VP1,EVD68
704,0.414653326,4,M,VP1,EVD68
705,0,1,G,VP1,EVD68
706,0,1,L,VP1,EVD68
707,0,1,P,VP1,EVD68
708,0.158912615,2,D,VP1,EVD68
709,0,1,L,VP1,EVD68
710,0,1,T,VP1,EVD68
711,0.02470935,2,L,VP1,EVD68
712,0,1,Q,VP1,EVD68
713,0,1,A,VP1,EVD68
714,0,1,M,VP1,EVD68
715,0.042833836,2,F,VP1,EVD68
716,0,1,V,VP1,EVD68
717,0,1,P,VP1,EVD68
718,0.07235969,2,T,VP1,EVD68
719,0,1,G,VP1,EVD68
720,0.02470935,2,A,VP1,EVD68
721,0.185152757,3,L,VP1,EVD68
722,0.117525175,2,T,VP1,EVD68
723,0.02470935,2,P,VP1,EVD68
724,0.275847337,4,E,VP1,EVD68
725,0.290518114,6,K,VP1,EVD68
726,0,1,Q,VP1,EVD68
727,0,1,D,VP1,EVD68
728,0,1,S,VP1,EVD68
729,0.07235969,2,F,VP1,EVD68
730,0.151655564,2,H,VP1,EVD68
731,0,1,W,VP1,EVD68
732,0,1,Q,VP1,EVD68
733,0,1,S,VP1,EVD68
734,0.188992369,2,G,VP1,EVD68
735,0.182663643,3,S,VP1,EVD68
736,0,1,N,VP1,EVD68
737,0.151655564,2,A,VP1,EVD68
738,0,1,S,VP1,EVD68
739,0,1,V,VP1,EVD68
740,0,1,F,VP1,EVD68
741,0,1,F,VP1,EVD68
742,0,1,K,VP1,EVD68
743,0.198463167,2,I,VP1,EVD68
744,0.177075456,3,S,VP1,EVD68
745,0.02470935,2,D,VP1,EVD68
746,0,1,P,VP1,EVD68
747,0.02470935,2,P,VP1,EVD68
748,0,1,A,VP1,EVD68
749,0,1,R,VP1,EVD68
750,0.058430119,2,M,VP1,EVD68
751,0,1,T,VP1,EVD68
752,0,1,I,VP1,EVD68
753,0,1,P,VP1,EVD68
754,0,1,F,VP1,EVD68
755,0,1,M,VP1,EVD68
756,0.042833836,2,C,VP1,EVD68
757,0.02470935,2,I,VP1,EVD68
758,0,1,N,VP1,EVD68
759,0,1,S,VP1,EVD68
760,0,1,A,VP1,EVD68
761,0,1,Y,VP1,EVD68
762,0.187566604,3,S,VP1,EVD68
763,0.232831664,4,V,VP1,EVD68
764,0,1,F,VP1,EVD68
765,0,1,Y,VP1,EVD68
766,0.02470935,2,D,VP1,EVD68
767,0,1,G,VP1,EVD68
768,0,1,F,VP1,EVD68
769,0,1,A,VP1,EVD68
770,0.02470935,2,G,VP1,EVD68
771,0,1,F,VP1,EVD68
772,0,1,E,VP1,EVD68
773,0.058430119,2,K,VP1,EVD68
774,0.187566604,3,Gap,VP1,EVD68
775,0.151655564,2,Gap,VP1,EVD68
776,0.360600816,3,N,VP1,EVD68
777,0.131696327,3,G,VP1,EVD68
778,0,1,L,VP1,EVD68
779,0,1,Y,VP1,EVD68
780,0,1,G,VP1,EVD68
781,0.02470935,2,I,VP1,EVD68
782,0,1,N,VP1,EVD68
783,0,1,P,VP1,EVD68
784,0,1,A,VP1,EVD68
785,0.151655564,2,D,VP1,EVD68
786,0,1,T,VP1,EVD68
787,0.151655564,2,I,VP1,EVD68
788,0,1,G,VP1,EVD68
789,0,1,N,VP1,EVD68
790,0,1,L,VP1,EVD68
791,0,1,C,VP1,EVD68
792,0.187566604,3,V,VP1,EVD68
793,0,1,R,VP1,EVD68
794,0.151655564,2,I,VP1,EVD68
795,0,1,V,VP1,EVD68
796,0,1,N,VP1,EVD68
797,0.177075456,3,E,VP1,EVD68
798,0.151655564,2,H,VP1,EVD68
799,0,1,Q,VP1,EVD68
800,0,1,P,VP1,EVD68
801,0.221716027,2,V,VP1,EVD68
802,0.151655564,2,G,VP1,EVD68
803,0.096684686,2,F,VP1,EVD68
804,0,1,T,VP1,EVD68
805,0.187566604,3,V,VP1,EVD68
806,0,1,T,VP1,EVD68
807,0.085031145,2,V,VP1,EVD68
808,0,1,R,VP1,EVD68
809,0.07235969,2,V,VP1,EVD68
810,0,1,Y,VP1,EVD68
811,0.07235969,2,M,VP1,EVD68
812,0,1,K,VP1,EVD68
813,0,1,P,VP1,EVD68
814,0,1,K,VP1,EVD68
815,0,1,H,VP1,EVD68
816,0.058430119,2,I,VP1,EVD68
817,0.058430119,2,K,VP1,EVD68
818,0,1,A,VP1,EVD68
819,0,1,W,VP1,EVD68
820,0.085031145,2,A,VP1,EVD68
821,0,1,P,VP1,EVD68
822,0,1,R,VP1,EVD68
823,0.042833836,2,P,VP1,EVD68
824,0,1,P,VP1,EVD68
825,0,1,R,VP1,EVD68
826,0.02470935,2,T,VP1,EVD68
827,0.172121962,2,L,VP1,EVD68
828,0,1,P,VP1,EVD68
829,0,1,Y,VP1,EVD68
830,0.117525175,2,M,VP1,EVD68
831,0.117525175,2,S,VP1,EVD68
832,0,1,I,VP1,EVD68
833,0.117525175,2,A,VP1,EVD68
834,0,1,N,VP1,EVD68
835,0.22084785,3,A,VP1,EVD68
836,0,1,N,VP1,EVD68
837,0,1,Y,VP1,EVD68
838,0.344830757,4,K,VP1,EVD68
839,0,1,G,VP1,EVD68
840,0.228774031,4,K,VP1,EVD68
841,0.340737645,8,E,VP1,EVD68
842,0.257093278,6,R,VP1,EVD68
843,0,1,A,VP1,EVD68
844,0,1,P,VP1,EVD68
845,0,1,N,VP1,EVD68
846,0.114640206,3,A,VP1,EVD68
847,0.211398697,4,L,VP1,EVD68
848,0.183207908,4,N,VP1,EVD68
849,0,1,A,VP1,EVD68
850,0,1,I,VP1,EVD68
851,0.151655564,2,I,VP1,EVD68
852,0.138675832,3,G,VP1,EVD68
853,0.02470935,2,N,VP1,EVD68
854,0,1,R,VP1,EVD68
855,0.40115137,8,D,VP1,EVD68
856,0.138675832,3,S,VP1,EVD68
857,0.221716027,2,V,VP1,EVD68
858,0.167838359,3,K,VP1,EVD68
859,0.02470935,2,T,VP1,EVD68
860,0,1,M,VP1,EVD68
861,0,1,P,VP1,EVD68
862,0.199238687,4,H,VP1,EVD68
863,0.228689129,2,N,VP1,EVD68
864,0,1,I,VP1,EVD68
865,0.315880897,4,Gap,VP1,EVD68
866,0.219278839,2,Gap,VP1,EVD68
867,0.117525175,2,V,VP1,EVD68
868,0.21712965,3,T,VP1,EVD68
869,0.204033119,5,T,VP1,EVD68
870,0,1,G,2A,EVD68
871,0,1,P,2A,EVD68
872,0,1,G,2A,EVD68
873,0.058430119,2,F,2A,EVD68
874,0,1,G,2A,EVD68
875,0,1,G,2A,EVD68
876,0.172121962,2,V,2A,EVD68
877,0,1,F,2A,EVD68
878,0,1,V,2A,EVD68
879,0,1,G,2A,EVD68
880,0,1,S,2A,EVD68
881,0.175487658,3,F,2A,EVD68
882,0,1,K,2A,EVD68
883,0,1,I,2A,EVD68
884,0.067407879,3,I,2A,EVD68
885,0,1,N,2A,EVD68
886,0,1,Y,2A,EVD68
887,0,1,H,2A,EVD68
888,0,1,L,2A,EVD68
889,0,1,A,2A,EVD68
890,0,1,T,2A,EVD68
891,0.308723725,5,T,2A,EVD68
892,0.183207908,4,E,2A,EVD68
893,0,1,E,2A,EVD68
894,0.165726587,2,R,2A,EVD68
895,0.195380805,4,Q,2A,EVD68
896,0.177075456,3,S,2A,EVD68
897,0.042833836,2,A,2A,EVD68
898,0.175487658,3,I,2A,EVD68
899,0.02470935,2,Y,2A,EVD68
900,0,1,V,2A,EVD68
901,0,1,D,2A,EVD68
902,0,1,W,2A,EVD68
903,0,1,Q,2A,EVD68
904,0.02470935,2,S,2A,EVD68
905,0.02470935,2,D,2A,EVD68
906,0.229753218,2,V,2A,EVD68
907,0,1,L,2A,EVD68
908,0,1,V,2A,EVD68
909,0.02470935,2,T,2A,EVD68
910,0.151655564,2,P,2A,EVD68
911,0.175487658,3,I,2A,EVD68
912,0,1,A,2A,EVD68
913,0,1,A,2A,EVD68
914,0,1,H,2A,EVD68
915,0,1,G,2A,EVD68
916,0.172121962,2,R,2A,EVD68
917,0.02470935,2,H,2A,EVD68
918,0,1,Q,2A,EVD68
919,0,1,I,2A,EVD68
920,0,1,A,2A,EVD68
921,0,1,R,2A,EVD68
922,0,1,C,2A,EVD68
923,0.07235969,2,K,2A,EVD68
924,0,1,C,2A,EVD68
925,0,1,N,2A,EVD68
926,0.067407879,3,T,2A,EVD68
927,0,1,G,2A,EVD68
928,0,1,V,2A,EVD68
929,0,1,Y,2A,EVD68
930,0,1,Y,2A,EVD68
931,0,1,C,2A,EVD68
932,0.058430119,2,R,2A,EVD68
933,0.02470935,2,H,2A,EVD68
934,0.206623246,2,K,2A,EVD68
935,0.100852047,3,D,2A,EVD68
936,0.17811971,2,R,2A,EVD68
937,0.02470935,2,S,2A,EVD68
938,0,1,Y,2A,EVD68
939,0.049351532,3,P,2A,EVD68
940,0.231080141,2,I,2A,EVD68
941,0.125215535,4,C,2A,EVD68
942,0,1,F,2A,EVD68
943,0,1,E,2A,EVD68
944,0,1,G,2A,EVD68
945,0,1,P,2A,EVD68
946,0,1,G,2A,EVD68
947,0,1,I,2A,EVD68
948,0,1,Q,2A,EVD68
949,0,1,W,2A,EVD68
950,0.042833836,2,I,2A,EVD68
951,0.100852047,3,E,2A,EVD68
952,0.151655564,2,Q,2A,EVD68
953,0.117525175,2,N,2A,EVD68
954,0.042833836,2,E,2A,EVD68
955,0,1,Y,2A,EVD68
956,0,1,Y,2A,EVD68
957,0,1,P,2A,EVD68
958,0,1,A,2A,EVD68
959,0,1,R,2A,EVD68
960,0,1,Y,2A,EVD68
961,0,1,Q,2A,EVD68
962,0,1,T,2A,EVD68
963,0,1,N,2A,EVD68
964,0.151655564,2,V,2A,EVD68
965,0,1,L,2A,EVD68
966,0,1,L,2A,EVD68
967,0,1,A,2A,EVD68
968,0.43691583,7,A,2A,EVD68
969,0,1,G,2A,EVD68
970,0,1,P,2A,EVD68
971,0.177075456,3,A,2A,EVD68
972,0.042833836,2,E,2A,EVD68
973,0.042833836,2,A,2A,EVD68
974,0,1,G,2A,EVD68
975,0,1,D,2A,EVD68
976,0,1,C,2A,EVD68
977,0,1,G,2A,EVD68
978,0,1,G,2A,EVD68
979,0,1,L,2A,EVD68
980,0,1,L,2A,EVD68
981,0,1,V,2A,EVD68
982,0,1,C,2A,EVD68
983,0.02470935,2,P,2A,EVD68
984,0,1,H,2A,EVD68
985,0,1,G,2A,EVD68
986,0,1,V,2A,EVD68
987,0,1,I,2A,EVD68
988,0,1,G,2A,EVD68
989,0,1,L,2A,EVD68
990,0.167838359,3,L,2A,EVD68
991,0,1,T,2A,EVD68
992,0,1,A,2A,EVD68
993,0.02470935,2,G,2A,EVD68
994,0.02470935,2,G,2A,EVD68
995,0.213336325,5,G,2A,EVD68
996,0,1,G,2A,EVD68
997,0.135691222,2,I,2A,EVD68
998,0,1,V,2A,EVD68
999,0,1,A,2A,EVD68
1000,0,1,F,2A,EVD68
1001,0,1,T,2A,EVD68
1002,0,1,D,2A,EVD68
1003,0,1,I,2A,EVD68
1004,0,1,R,2A,EVD68
1005,0.02470935,2,N,2A,EVD68
1006,0,1,L,2A,EVD68
1007,0,1,L,2A,EVD68
1008,0,1,W,2A,EVD68
1009,0,1,L,2A,EVD68
1010,0.151655564,2,D,2A,EVD68
1011,0.216389532,4,T,2A,EVD68
1012,0.042833836,2,D,2A,EVD68
1013,0.107478638,2,A,2A,EVD68
1014,0,1,M,2A,EVD68
1015,0,1,E,2A,EVD68
1016,0,1,Q,2A,EVD68
1017,0,1,G,2B,EVD68
1018,0,1,I,2B,EVD68
1019,0.02470935,2,T,2B,EVD68
1020,0,1,D,2B,EVD68
1021,0,1,Y,2B,EVD68
1022,0.02470935,2,I,2B,EVD68
1023,0,1,Q,2B,EVD68
1024,0.02470935,2,N,2B,EVD68
1025,0,1,L,2B,EVD68
1026,0,1,G,2B,EVD68
1027,0.042833836,2,N,2B,EVD68
1028,0,1,A,2B,EVD68
1029,0,1,F,2B,EVD68
1030,0,1,G,2B,EVD68
1031,0.058430119,2,A,2B,EVD68
1032,0,1,G,2B,EVD68
1033,0,1,F,2B,EVD68
1034,0,1,T,2B,EVD68
1035,0,1,E,2B,EVD68
1036,0.02470935,2,T,2B,EVD68
1037,0,1,I,2B,EVD68
1038,0.02470935,2,S,2B,EVD68
1039,0.313772031,3,N,2B,EVD68
1040,0,1,K,2B,EVD68
1041,0,1,A,2B,EVD68
1042,0.143926575,2,K,2B,EVD68
1043,0,1,E,2B,EVD68
1044,0.151655564,2,V,2B,EVD68
1045,0,1,Q,2B,EVD68
1046,0.271389776,5,D,2B,EVD68
1047,0,1,M,2B,EVD68
1048,0,1,L,2B,EVD68
1049,0.168447526,3,I,2B,EVD68
1050,0,1,G,2B,EVD68
1051,0.02470935,2,E,2B,EVD68
1052,0.151655564,2,S,2B,EVD68
1053,0,1,S,2B,EVD68
1054,0,1,L,2B,EVD68
1055,0,1,L,2B,EVD68
1056,0,1,E,2B,EVD68
1057,0,1,K,2B,EVD68
1058,0,1,L,2B,EVD68
1059,0,1,L,2B,EVD68
1060,0,1,K,2B,EVD68
1061,0.02470935,2,A,2B,EVD68
1062,0,1,L,2B,EVD68
1063,0,1,I,2B,EVD68
1064,0,1,K,2B,EVD68
1065,0,1,I,2B,EVD68
1066,0.143926575,2,I,2B,EVD68
1067,0,1,S,2B,EVD68
1068,0,1,A,2B,EVD68
1069,0.151655564,2,L,2B,EVD68
1070,0,1,V,2B,EVD68
1071,0.02470935,2,I,2B,EVD68
1072,0,1,V,2B,EVD68
1073,0,1,I,2B,EVD68
1074,0,1,R,2B,EVD68
1075,0,1,N,2B,EVD68
1076,0,1,S,2B,EVD68
1077,0.135691222,2,E,2B,EVD68
1078,0,1,D,2B,EVD68
1079,0,1,L,2B,EVD68
1080,0.096684686,2,V,2B,EVD68
1081,0,1,T,2B,EVD68
1082,0.02470935,2,V,2B,EVD68
1083,0,1,T,2B,EVD68
1084,0,1,A,2B,EVD68
1085,0,1,T,2B,EVD68
1086,0,1,L,2B,EVD68
1087,0,1,A,2B,EVD68
1088,0,1,L,2B,EVD68
1089,0,1,L,2B,EVD68
1090,0,1,G,2B,EVD68
1091,0,1,C,2B,EVD68
1092,0.082935018,3,H,2B,EVD68
1093,0,1,D,2B,EVD68
1094,0,1,S,2B,EVD68
1095,0,1,P,2B,EVD68
1096,0.02470935,2,W,2B,EVD68
1097,0.175487658,3,S,2B,EVD68
1098,0.151655564,2,Y,2B,EVD68
1099,0,1,L,2B,EVD68
1100,0,1,K,2B,EVD68
1101,0,1,Q,2B,EVD68
1102,0,1,K,2B,EVD68
1103,0,1,V,2B,EVD68
1104,0,1,C,2B,EVD68
1105,0,1,S,2B,EVD68
1106,0,1,Y,2B,EVD68
1107,0,1,L,2B,EVD68
1108,0,1,G,2B,EVD68
1109,0.049351532,3,I,2B,EVD68
1110,0,1,P,2B,EVD68
1111,0,1,Y,2B,EVD68
1112,0.042833836,2,V,2B,EVD68
1113,0.151655564,2,P,2B,EVD68
1114,0.117525175,2,R,2B,EVD68
1115,0,1,Q,2B,EVD68
1116,0.151655564,2,S,2C,EVD68
1117,0.151655564,2,E,2C,EVD68
1118,0,1,S,2C,EVD68
1119,0,1,W,2C,EVD68
1120,0,1,L,2C,EVD68
1121,0,1,K,2C,EVD68
1122,0,1,K,2C,EVD68
1123,0,1,F,2C,EVD68
1124,0,1,T,2C,EVD68
1125,0,1,E,2C,EVD68
1126,0,1,A,2C,EVD68
1127,0,1,C,2C,EVD68
1128,0,1,N,2C,EVD68
1129,0,1,A,2C,EVD68
1130,0,1,L,2C,EVD68
1131,0,1,R,2C,EVD68
1132,0,1,G,2C,EVD68
1133,0.02470935,2,L,2C,EVD68
1134,0,1,D,2C,EVD68
1135,0,1,W,2C,EVD68
1136,0,1,L,2C,EVD68
1137,0.158912615,2,S,2C,EVD68
1138,0,1,Q,2C,EVD68
1139,0,1,K,2C,EVD68
1140,0.02470935,2,I,2C,EVD68
1141,0,1,D,2C,EVD68
1142,0,1,K,2C,EVD68
1143,0,1,F,2C,EVD68
1144,0,1,I,2C,EVD68
1145,0.300724464,3,N,2C,EVD68
1146,0,1,W,2C,EVD68
1147,0,1,L,2C,EVD68
1148,0,1,K,2C,EVD68
1149,0.290667423,3,T,2C,EVD68
1150,0,1,K,2C,EVD68
1151,0,1,I,2C,EVD68
1152,0.058430119,2,L,2C,EVD68
1153,0,1,P,2C,EVD68
1154,0,1,E,2C,EVD68
1155,0,1,A,2C,EVD68
1156,0.126907851,2,R,2C,EVD68
1157,0,1,E,2C,EVD68
1158,0,1,K,2C,EVD68
1159,0.042833836,2,Y,2C,EVD68
1160,0,1,E,2C,EVD68
1161,0,1,F,2C,EVD68
1162,0,1,V,2C,EVD68
1163,0,1,Q,2C,EVD68
1164,0.165726587,2,R,2C,EVD68
1165,0,1,L,2C,EVD68
1166,0.02470935,2,K,2C,EVD68
1167,0,1,Q,2C,EVD68
1168,0,1,L,2C,EVD68
1169,0.02470935,2,P,2C,EVD68
1170,0.107478638,2,V,2C,EVD68
1171,0,1,I,2C,EVD68
1172,0,1,E,2C,EVD68
1173,0.252291105,3,N,2C,EVD68
1174,0,1,Q,2C,EVD68
1175,0.151655564,2,V,2C,EVD68
1176,0.158912615,2,S,2C,EVD68
1177,0,1,T,2C,EVD68
1178,0,1,I,2C,EVD68
1179,0,1,E,2C,EVD68
1180,0,1,H,2C,EVD68
1181,0,1,S,2C,EVD68
1182,0,1,C,2C,EVD68
1183,0,1,P,2C,EVD68
1184,0.151655564,2,T,2C,EVD68
1185,0.151655564,2,T,2C,EVD68
1186,0,1,E,2C,EVD68
1187,0.02470935,2,Q,2C,EVD68
1188,0,1,Q,2C,EVD68
1189,0,1,Q,2C,EVD68
1190,0,1,A,2C,EVD68
1191,0,1,L,2C,EVD68
1192,0,1,F,2C,EVD68
1193,0,1,N,2C,EVD68
1194,0,1,N,2C,EVD68
1195,0,1,V,2C,EVD68
1196,0,1,Q,2C,EVD68
1197,0,1,Y,2C,EVD68
1198,0.042833836,2,Y,2C,EVD68
1199,0,1,S,2C,EVD68
1200,0,1,H,2C,EVD68
1201,0,1,Y,2C,EVD68
1202,0,1,C,2C,EVD68
1203,0.210234548,2,R,2C,EVD68
1204,0,1,K,2C,EVD68
1205,0,1,Y,2C,EVD68
1206,0,1,A,2C,EVD68
1207,0,1,P,2C,EVD68
1208,0,1,L,2C,EVD68
1209,0,1,Y,2C,EVD68
1210,0,1,A,2C,EVD68
1211,0.175487658,3,V,2C,EVD68
1212,0,1,E,2C,EVD68
1213,0.042833836,2,A,2C,EVD68
1214,0,1,K,2C,EVD68
1215,0,1,R,2C,EVD68
1216,0,1,V,2C,EVD68
1217,0.486826657,6,T,2C,EVD68
1218,0.100852047,3,A,2C,EVD68
1219,0,1,L,2C,EVD68
1220,0,1,E,2C,EVD68
1221,0.058430119,2,K,2C,EVD68
1222,0,1,K,2C,EVD68
1223,0,1,I,2C,EVD68
1224,0,1,N,2C,EVD68
1225,0,1,N,2C,EVD68
1226,0,1,Y,2C,EVD68
1227,0,1,I,2C,EVD68
1228,0,1,Q,2C,EVD68
1229,0,1,F,2C,EVD68
1230,0,1,K,2C,EVD68
1231,0,1,S,2C,EVD68
1232,0,1,K,2C,EVD68
1233,0,1,S,2C,EVD68
1234,0,1,R,2C,EVD68
1235,0,1,I,2C,EVD68
1236,0,1,E,2C,EVD68
1237,0,1,P,2C,EVD68
1238,0,1,V,2C,EVD68
1239,0,1,C,2C,EVD68
1240,0,1,L,2C,EVD68
1241,0,1,I,2C,EVD68
1242,0,1,I,2C,EVD68
1243,0,1,H,2C,EVD68
1244,0,1,G,2C,EVD68
1245,0,1,S,2C,EVD68
1246,0,1,P,2C,EVD68
1247,0,1,G,2C,EVD68
1248,0,1,T,2C,EVD68
1249,0,1,G,2C,EVD68
1250,0,1,K,2C,EVD68
1251,0,1,S,2C,EVD68
1252,0,1,V,2C,EVD68
1253,0,1,A,2C,EVD68
1254,0,1,S,2C,EVD68
1255,0,1,N,2C,EVD68
1256,0,1,L,2C,EVD68
1257,0.02470935,2,I,2C,EVD68
1258,0,1,A,2C,EVD68
1259,0,1,R,2C,EVD68
1260,0,1,A,2C,EVD68
1261,0,1,I,2C,EVD68
1262,0,1,T,2C,EVD68
1263,0,1,E,2C,EVD68
1264,0.02470935,2,K,2C,EVD68
1265,0,1,L,2C,EVD68
1266,0,1,G,2C,EVD68
1267,0,1,G,2C,EVD68
1268,0,1,D,2C,EVD68
1269,0.351046463,4,I,2C,EVD68
1270,0,1,Y,2C,EVD68
1271,0,1,S,2C,EVD68
1272,0,1,L,2C,EVD68
1273,0,1,P,2C,EVD68
1274,0,1,P,2C,EVD68
1275,0,1,D,2C,EVD68
1276,0.02470935,2,P,2C,EVD68
1277,0,1,K,2C,EVD68
1278,0,1,Y,2C,EVD68
1279,0,1,F,2C,EVD68
1280,0,1,D,2C,EVD68
1281,0,1,G,2C,EVD68
1282,0,1,Y,2C,EVD68
1283,0,1,K,2C,EVD68
1284,0,1,Q,2C,EVD68
1285,0.02470935,2,Q,2C,EVD68
1286,0,1,T,2C,EVD68
1287,0.02470935,2,V,2C,EVD68
1288,0,1,V,2C,EVD68
1289,0,1,L,2C,EVD68
1290,0,1,M,2C,EVD68
1291,0,1,D,2C,EVD68
1292,0,1,D,2C,EVD68
1293,0,1,L,2C,EVD68
1294,0,1,M,2C,EVD68
1295,0,1,Q,2C,EVD68
1296,0,1,N,2C,EVD68
1297,0,1,P,2C,EVD68
1298,0,1,D,2C,EVD68
1299,0,1,G,2C,EVD68
1300,0,1,N,2C,EVD68
1301,0,1,D,2C,EVD68
1302,0,1,I,2C,EVD68
1303,0.151655564,2,S,2C,EVD68
1304,0,1,M,2C,EVD68
1305,0,1,F,2C,EVD68
1306,0,1,C,2C,EVD68
1307,0,1,Q,2C,EVD68
1308,0.02470935,2,M,2C,EVD68
1309,0,1,V,2C,EVD68
1310,0,1,S,2C,EVD68
1311,0,1,T,2C,EVD68
1312,0,1,V,2C,EVD68
1313,0,1,D,2C,EVD68
1314,0,1,F,2C,EVD68
1315,0,1,I,2C,EVD68
1316,0,1,P,2C,EVD68
1317,0,1,P,2C,EVD68
1318,0,1,M,2C,EVD68
1319,0,1,A,2C,EVD68
1320,0,1,S,2C,EVD68
1321,0,1,L,2C,EVD68
1322,0,1,E,2C,EVD68
1323,0,1,E,2C,EVD68
1324,0,1,K,2C,EVD68
1325,0.02470935,2,G,2C,EVD68
1326,0.049351532,3,T,2C,EVD68
1327,0,1,L,2C,EVD68
1328,0,1,Y,2C,EVD68
1329,0,1,T,2C,EVD68
1330,0,1,S,2C,EVD68
1331,0,1,P,2C,EVD68
1332,0,1,F,2C,EVD68
1333,0,1,L,2C,EVD68
1334,0,1,I,2C,EVD68
1335,0,1,A,2C,EVD68
1336,0,1,T,2C,EVD68
1337,0,1,T,2C,EVD68
1338,0,1,N,2C,EVD68
1339,0.02470935,2,A,2C,EVD68
1340,0,1,G,2C,EVD68
1341,0.096684686,2,S,2C,EVD68
1342,0,1,I,2C,EVD68
1343,0,1,H,2C,EVD68
1344,0,1,A,2C,EVD68
1345,0.02470935,2,P,2C,EVD68
1346,0,1,T,2C,EVD68
1347,0,1,V,2C,EVD68
1348,0,1,S,2C,EVD68
1349,0,1,D,2C,EVD68
1350,0,1,S,2C,EVD68
1351,0,1,K,2C,EVD68
1352,0,1,A,2C,EVD68
1353,0,1,L,2C,EVD68
1354,0.20090755,4,S,2C,EVD68
1355,0,1,R,2C,EVD68
1356,0,1,R,2C,EVD68
1357,0,1,F,2C,EVD68
1358,0,1,K,2C,EVD68
1359,0,1,F,2C,EVD68
1360,0,1,D,2C,EVD68
1361,0.042833836,2,V,2C,EVD68
1362,0.042833836,2,D,2C,EVD68
1363,0,1,I,2C,EVD68
1364,0,1,E,2C,EVD68
1365,0.042833836,2,V,2C,EVD68
1366,0.151655564,2,T,2C,EVD68
1367,0.175487658,3,D,2C,EVD68
1368,0,1,S,2C,EVD68
1369,0.135691222,2,Y,2C,EVD68
1370,0,1,K,2C,EVD68
1371,0.02470935,2,D,2C,EVD68
1372,0.19235931,4,S,2C,EVD68
1373,0.19235931,4,N,2C,EVD68
1374,0.042833836,2,K,2C,EVD68
1375,0,1,L,2C,EVD68
1376,0.135691222,2,D,2C,EVD68
1377,0,1,M,2C,EVD68
1378,0.151655564,2,S,2C,EVD68
1379,0.165726587,2,R,2C,EVD68
1380,0,1,A,2C,EVD68
1381,0,1,V,2C,EVD68
1382,0,1,E,2C,EVD68
1383,0.151655564,2,M,2C,EVD68
1384,0,1,C,2C,EVD68
1385,0.067407879,3,K,2C,EVD68
1386,0.058430119,2,P,2C,EVD68
1387,0.091912778,4,D,2C,EVD68
1388,0.456773578,6,D,2C,EVD68
1389,0.02470935,2,C,2C,EVD68
1390,0.116347503,5,A,2C,EVD68
1391,0.02470935,2,P,2C,EVD68
1392,0.38029542,5,T,2C,EVD68
1393,0,1,N,2C,EVD68
1394,0,1,Y,2C,EVD68
1395,0.02470935,2,K,2C,EVD68
1396,0.143926575,2,R,2C,EVD68
1397,0,1,C,2C,EVD68
1398,0,1,C,2C,EVD68
1399,0,1,P,2C,EVD68
1400,0,1,L,2C,EVD68
1401,0,1,I,2C,EVD68
1402,0,1,C,2C,EVD68
1403,0,1,G,2C,EVD68
1404,0.02470935,2,K,2C,EVD68
1405,0,1,A,2C,EVD68
1406,0,1,I,2C,EVD68
1407,0,1,Q,2C,EVD68
1408,0,1,F,2C,EVD68
1409,0,1,R,2C,EVD68
1410,0,1,D,2C,EVD68
1411,0.042833836,2,R,2C,EVD68
1412,0,1,R,2C,EVD68
1413,0,1,T,2C,EVD68
1414,0,1,N,2C,EVD68
1415,0.058430119,2,A,2C,EVD68
1416,0,1,R,2C,EVD68
1417,0.042833836,2,S,2C,EVD68
1418,0.042833836,2,T,2C,EVD68
1419,0.158912615,2,I,2C,EVD68
1420,0,1,D,2C,EVD68
1421,0,1,M,2C,EVD68
1422,0,1,L,2C,EVD68
1423,0,1,V,2C,EVD68
1424,0.126907851,2,T,2C,EVD68
1425,0.096684686,2,D,2C,EVD68
1426,0.158912615,2,I,2C,EVD68
1427,0.126907851,2,I,2C,EVD68
1428,0.058430119,2,K,2C,EVD68
1429,0,1,E,2C,EVD68
1430,0,1,Y,2C,EVD68
1431,0,1,R,2C,EVD68
1432,0.259967276,3,T,2C,EVD68
1433,0,1,R,2C,EVD68
1434,0.042833836,2,N,2C,EVD68
1435,0.12097584,3,S,2C,EVD68
1436,0,1,T,2C,EVD68
1437,0,1,Q,2C,EVD68
1438,0,1,D,2C,EVD68
1439,0,1,K,2C,EVD68
1440,0,1,L,2C,EVD68
1441,0,1,E,2C,EVD68
1442,0,1,A,2C,EVD68
1443,0,1,L,2C,EVD68
1444,0,1,F,2C,EVD68
1445,0,1,Q,2C,EVD68
1446,0,1,G,3A,EVD68
1447,0,1,P,3A,EVD68
1448,0,1,P,3A,EVD68
1449,0.049351532,3,Q,3A,EVD68
1450,0,1,F,3A,EVD68
1451,0.07235969,2,K,3A,EVD68
1452,0,1,E,3A,EVD68
1453,0.058430119,2,I,3A,EVD68
1454,0,1,K,3A,EVD68
1455,0,1,I,3A,EVD68
1456,0,1,S,3A,EVD68
1457,0.096684686,2,V,3A,EVD68
1458,0.177075456,3,T,3A,EVD68
1459,0,1,P,3A,EVD68
1460,0.175487658,3,D,3A,EVD68
1461,0,1,T,3A,EVD68
1462,0.049351532,3,P,3A,EVD68
1463,0,1,A,3A,EVD68
1464,0,1,P,3A,EVD68
1465,0,1,D,3A,EVD68
1466,0,1,A,3A,EVD68
1467,0,1,I,3A,EVD68
1468,0.02470935,2,N,3A,EVD68
1469,0.02470935,2,D,3A,EVD68
1470,0,1,L,3A,EVD68
1471,0,1,L,3A,EVD68
1472,0,1,R,3A,EVD68
1473,0,1,S,3A,EVD68
1474,0.042833836,2,V,3A,EVD68
1475,0,1,D,3A,EVD68
1476,0,1,S,3A,EVD68
1477,0,1,Q,3A,EVD68
1478,0,1,E,3A,EVD68
1479,0,1,V,3A,EVD68
1480,0,1,R,3A,EVD68
1481,0,1,D,3A,EVD68
1482,0,1,Y,3A,EVD68
1483,0.02470935,2,C,3A,EVD68
1484,0.02470935,2,Q,3A,EVD68
1485,0.02470935,2,K,3A,EVD68
1486,0.02470935,2,K,3A,EVD68
1487,0,1,G,3A,EVD68
1488,0,1,W,3A,EVD68
1489,0,1,I,3A,EVD68
1490,0,1,V,3A,EVD68
1491,0.20510549,3,I,3A,EVD68
1492,0,1,H,3A,EVD68
1493,0.02470935,2,P,3A,EVD68
1494,0.158912615,2,S,3A,EVD68
1495,0.191670453,4,N,3A,EVD68
1496,0,1,E,3A,EVD68
1497,0,1,L,3A,EVD68
1498,0.28678348,4,L,3A,EVD68
1499,0.02470935,2,V,3A,EVD68
1500,0,1,E,3A,EVD68
1501,0,1,K,3A,EVD68
1502,0,1,H,3A,EVD68
1503,0.02470935,2,I,3A,EVD68
1504,0.02470935,2,S,3A,EVD68
1505,0,1,R,3A,EVD68
1506,0,1,A,3A,EVD68
1507,0,1,F,3A,EVD68
1508,0,1,I,3A,EVD68
1509,0.182663643,3,T,3A,EVD68
1510,0,1,L,3A,EVD68
1511,0,1,Q,3A,EVD68
1512,0,1,A,3A,EVD68
1513,0.189395128,3,I,3A,EVD68
1514,0.151655564,2,A,3A,EVD68
1515,0,1,T,3A,EVD68
1516,0.02470935,2,F,3A,EVD68
1517,0,1,V,3A,EVD68
1518,0,1,S,3A,EVD68
1519,0,1,I,3A,EVD68
1520,0,1,A,3A,EVD68
1521,0,1,G,3A,EVD68
1522,0.02470935,2,V,3A,EVD68
1523,0,1,V,3A,EVD68
1524,0,1,Y,3A,EVD68
1525,0,1,V,3A,EVD68
1526,0,1,I,3A,EVD68
1527,0,1,Y,3A,EVD68
1528,0,1,K,3A,EVD68
1529,0,1,L,3A,EVD68
1530,0.049351532,3,F,3A,EVD68
1531,0.02470935,2,A,3A,EVD68
1532,0,1,G,3A,EVD68
1533,0.107478638,2,I,3A,EVD68
1534,0,1,Q,3A,EVD68
1535,0,1,G,3B,EVD68
1536,0,1,P,3B,EVD68
1537,0,1,Y,3B,EVD68
1538,0,1,T,3B,EVD68
1539,0,1,G,3B,EVD68
1540,0.19272099,3,I,3B,EVD68
1541,0,1,P,3B,EVD68
1542,0.049351532,3,N,3B,EVD68
1543,0.20090755,4,P,3B,EVD68
1544,0,1,K,3B,EVD68
1545,0.02470935,2,P,3B,EVD68
1546,0,1,K,3B,EVD68
1547,0,1,V,3B,EVD68
1548,0,1,P,3B,EVD68
1549,0.135691222,2,S,3B,EVD68
1550,0.02470935,2,L,3B,EVD68
1551,0,1,R,3B,EVD68
1552,0.049351532,3,T,3B,EVD68
1553,0,1,A,3B,EVD68
1554,0,1,K,3B,EVD68
1555,0,1,V,3B,EVD68
1556,0,1,Q,3B,EVD68
1557,0,1,G,3C,EVD68
1558,0,1,P,3C,EVD68
1559,0.042833836,2,G,3C,EVD68
1560,0.042833836,2,F,3C,EVD68
1561,0,1,D,3C,EVD68
1562,0,1,F,3C,EVD68
1563,0,1,A,3C,EVD68
1564,0,1,Q,3C,EVD68
1565,0,1,A,3C,EVD68
1566,0,1,I,3C,EVD68
1567,0,1,M,3C,EVD68
1568,0.042833836,2,K,3C,EVD68
1569,0,1,K,3C,EVD68
1570,0,1,N,3C,EVD68
1571,0.02470935,2,T,3C,EVD68
1572,0.049351532,3,V,3C,EVD68
1573,0.02470935,2,I,3C,EVD68
1574,0.135691222,2,A,3C,EVD68
1575,0,1,R,3C,EVD68
1576,0,1,T,3C,EVD68
1577,0.067407879,3,E,3C,EVD68
1578,0.042833836,2,K,3C,EVD68
1579,0,1,G,3C,EVD68
1580,0,1,E,3C,EVD68
1581,0,1,F,3C,EVD68
1582,0,1,T,3C,EVD68
1583,0.02470935,2,M,3C,EVD68
1584,0,1,L,3C,EVD68
1585,0,1,G,3C,EVD68
1586,0.227355802,2,V,3C,EVD68
1587,0.188992369,2,Y,3C,EVD68
1588,0,1,D,3C,EVD68
1589,0,1,R,3C,EVD68
1590,0.135691222,2,V,3C,EVD68
1591,0,1,A,3C,EVD68
1592,0,1,V,3C,EVD68
1593,0.067407879,3,I,3C,EVD68
1594,0,1,P,3C,EVD68
1595,0,1,T,3C,EVD68
1596,0,1,H,3C,EVD68
1597,0,1,A,3C,EVD68
1598,0,1,S,3C,EVD68
1599,0.135691222,2,V,3C,EVD68
1600,0.042833836,2,G,3C,EVD68
1601,0,1,E,3C,EVD68
1602,0.232831664,4,T,3C,EVD68
1603,0,1,I,3C,EVD68
1604,0.02470935,2,Y,3C,EVD68
1605,0,1,I,3C,EVD68
1606,0.188992369,2,N,3C,EVD68
1607,0,1,D,3C,EVD68
1608,0.02470935,2,V,3C,EVD68
1609,0.042833836,2,E,3C,EVD68
1610,0.042833836,2,T,3C,EVD68
1611,0.230549795,2,R,3C,EVD68
1612,0.02470935,2,V,3C,EVD68
1613,0.175487658,3,L,3C,EVD68
1614,0.02470935,2,D,3C,EVD68
1615,0.02470935,2,A,3C,EVD68
1616,0.175487658,3,C,3C,EVD68
1617,0.02470935,2,A,3C,EVD68
1618,0,1,L,3C,EVD68
1619,0.135691222,2,R,3C,EVD68
1620,0.02470935,2,D,3C,EVD68
1621,0.207425246,5,L,3C,EVD68
1622,0.163149048,5,T,3C,EVD68
1623,0.02470935,2,D,3C,EVD68
1624,0.175487658,3,T,3C,EVD68
1625,0.02470935,2,N,3C,EVD68
1626,0,1,L,3C,EVD68
1627,0,1,E,3C,EVD68
1628,0,1,I,3C,EVD68
1629,0,1,T,3C,EVD68
1630,0.151655564,2,I,3C,EVD68
1631,0.02470935,2,V,3C,EVD68
1632,0.151655564,2,K,3C,EVD68
1633,0.107478638,2,L,3C,EVD68
1634,0.049351532,3,D,3C,EVD68
1635,0.049351532,3,R,3C,EVD68
1636,0,1,N,3C,EVD68
1637,0.151655564,2,Q,3C,EVD68
1638,0,1,K,3C,EVD68
1639,0,1,F,3C,EVD68
1640,0,1,R,3C,EVD68
1641,0,1,D,3C,EVD68
1642,0,1,I,3C,EVD68
1643,0,1,R,3C,EVD68
1644,0.067407879,3,H,3C,EVD68
1645,0,1,F,3C,EVD68
1646,0,1,L,3C,EVD68
1647,0,1,P,3C,EVD68
1648,0.240537301,4,R,3C,EVD68
1649,0.138675832,3,Y,3C,EVD68
1650,0.02470935,2,E,3C,EVD68
1651,0.02470935,2,D,3C,EVD68
1652,0,1,D,3C,EVD68
1653,0,1,Y,3C,EVD68
1654,0,1,N,3C,EVD68
1655,0,1,D,3C,EVD68
1656,0.042833836,2,A,3C,EVD68
1657,0.042833836,2,V,3C,EVD68
1658,0,1,L,3C,EVD68
1659,0,1,S,3C,EVD68
1660,0,1,V,3C,EVD68
1661,0.151655564,2,H,3C,EVD68
1662,0,1,T,3C,EVD68
1663,0,1,S,3C,EVD68
1664,0,1,K,3C,EVD68
1665,0,1,F,3C,EVD68
1666,0,1,P,3C,EVD68
1667,0,1,N,3C,EVD68
1668,0,1,M,3C,EVD68
1669,0.02470935,2,Y,3C,EVD68
1670,0,1,I,3C,EVD68
1671,0,1,P,3C,EVD68
1672,0,1,V,3C,EVD68
1673,0,1,G,3C,EVD68
1674,0,1,Q,3C,EVD68
1675,0.177075456,3,V,3C,EVD68
1676,0.19272099,3,T,3C,EVD68
1677,0,1,N,3C,EVD68
1678,0,1,Y,3C,EVD68
1679,0,1,G,3C,EVD68
1680,0.02470935,2,F,3C,EVD68
1681,0,1,L,3C,EVD68
1682,0,1,N,3C,EVD68
1683,0,1,L,3C,EVD68
1684,0,1,G,3C,EVD68
1685,0.02470935,2,G,3C,EVD68
1686,0,1,T,3C,EVD68
1687,0,1,P,3C,EVD68
1688,0,1,T,3C,EVD68
1689,0,1,H,3C,EVD68
1690,0.02470935,2,R,3C,EVD68
1691,0,1,I,3C,EVD68
1692,0.02470935,2,L,3C,EVD68
1693,0,1,M,3C,EVD68
1694,0,1,Y,3C,EVD68
1695,0,1,N,3C,EVD68
1696,0,1,F,3C,EVD68
1697,0,1,P,3C,EVD68
1698,0,1,T,3C,EVD68
1699,0,1,R,3C,EVD68
1700,0,1,A,3C,EVD68
1701,0,1,G,3C,EVD68
1702,0.02470935,2,Q,3C,EVD68
1703,0.02470935,2,C,3C,EVD68
1704,0.02470935,2,G,3C,EVD68
1705,0,1,G,3C,EVD68
1706,0,1,V,3C,EVD68
1707,0.042833836,2,V,3C,EVD68
1708,0.042833836,2,T,3C,EVD68
1709,0.02470935,2,T,3C,EVD68
1710,0.02470935,2,T,3C,EVD68
1711,0,1,G,3C,EVD68
1712,0,1,K,3C,EVD68
1713,0.02470935,2,V,3C,EVD68
1714,0,1,I,3C,EVD68
1715,0,1,G,3C,EVD68
1716,0,1,I,3C,EVD68
1717,0,1,H,3C,EVD68
1718,0,1,V,3C,EVD68
1719,0,1,G,3C,EVD68
1720,0,1,G,3C,EVD68
1721,0.02470935,2,N,3C,EVD68
1722,0,1,G,3C,EVD68
1723,0,1,A,3C,EVD68
1724,0,1,Q,3C,EVD68
1725,0.02470935,2,G,3C,EVD68
1726,0,1,F,3C,EVD68
1727,0,1,A,3C,EVD68
1728,0,1,A,3C,EVD68
1729,0,1,M,3C,EVD68
1730,0.02470935,2,L,3C,EVD68
1731,0.02470935,2,L,3C,EVD68
1732,0.20090755,4,H,3C,EVD68
1733,0.175487658,3,S,3C,EVD68
1734,0,1,Y,3C,EVD68
1735,0,1,F,3C,EVD68
1736,0.02470935,2,T,3C,EVD68
1737,0.091912778,4,D,3C,EVD68
1738,0.175487658,3,T,3C,EVD68
1739,0,1,Q,3C,EVD68
1740,0,1,G,3D,EVD68
1741,0,1,E,3D,EVD68
1742,0,1,I,3D,EVD68
1743,0.042833836,2,V,3D,EVD68
1744,0,1,S,3D,EVD68
1745,0.389271737,5,S,3D,EVD68
1746,0,1,E,3D,EVD68
1747,0.02470935,2,K,3D,EVD68
1748,0,1,S,3D,EVD68
1749,0.02470935,2,G,3D,EVD68
1750,0.058430119,2,V,3D,EVD68
1751,0.175487658,3,C,3D,EVD68
1752,0.067407879,3,I,3D,EVD68
1753,0,1,N,3D,EVD68
1754,0,1,A,3D,EVD68
1755,0,1,P,3D,EVD68
1756,0.042833836,2,A,3D,EVD68
1757,0,1,K,3D,EVD68
1758,0.049351532,3,T,3D,EVD68
1759,0,1,K,3D,EVD68
1760,0.02470935,2,L,3D,EVD68
1761,0.151655564,2,Q,3D,EVD68
1762,0,1,P,3D,EVD68
1763,0,1,S,3D,EVD68
1764,0,1,V,3D,EVD68
1765,0,1,F,3D,EVD68
1766,0.02470935,2,H,3D,EVD68
1767,0.198141932,4,Q,3D,EVD68
1768,0.02470935,2,V,3D,EVD68
1769,0.02470935,2,F,3D,EVD68
1770,0,1,E,3D,EVD68
1771,0,1,G,3D,EVD68
1772,0.215421481,5,S,3D,EVD68
1773,0,1,K,3D,EVD68
1774,0,1,E,3D,EVD68
1775,0,1,P,3D,EVD68
1776,0,1,A,3D,EVD68
1777,0,1,V,3D,EVD68
1778,0,1,L,3D,EVD68
1779,0.175487658,3,N,3D,EVD68
1780,0.213543416,2,S,3D,EVD68
1781,0,1,K,3D,EVD68
1782,0,1,D,3D,EVD68
1783,0.175487658,3,P,3D,EVD68
1784,0,1,R,3D,EVD68
1785,0,1,L,3D,EVD68
1786,0,1,K,3D,EVD68
1787,0.185152757,3,T,3D,EVD68
1788,0.02470935,2,D,3D,EVD68
1789,0,1,F,3D,EVD68
1790,0,1,E,3D,EVD68
1791,0,1,E,3D,EVD68
1792,0,1,A,3D,EVD68
1793,0,1,I,3D,EVD68
1794,0,1,F,3D,EVD68
1795,0,1,S,3D,EVD68
1796,0,1,K,3D,EVD68
1797,0.02470935,2,Y,3D,EVD68
1798,0.151655564,2,T,3D,EVD68
1799,0,1,G,3D,EVD68
1800,0.02470935,2,N,3D,EVD68
1801,0.02470935,2,K,3D,EVD68
1802,0.151655564,2,I,3D,EVD68
1803,0.02470935,2,M,3D,EVD68
1804,0,1,L,3D,EVD68
1805,0.049351532,3,M,3D,EVD68
1806,0,1,D,3D,EVD68
1807,0,1,E,3D,EVD68
1808,0,1,Y,3D,EVD68
1809,0,1,M,3D,EVD68
1810,0,1,E,3D,EVD68
1811,0,1,E,3D,EVD68
1812,0,1,A,3D,EVD68
1813,0,1,V,3D,EVD68
1814,0,1,D,3D,EVD68
1815,0,1,H,3D,EVD68
1816,0,1,Y,3D,EVD68
1817,0,1,V,3D,EVD68
1818,0.042833836,2,G,3D,EVD68
1819,0,1,C,3D,EVD68
1820,0,1,L,3D,EVD68
1821,0,1,E,3D,EVD68
1822,0,1,P,3D,EVD68
1823,0,1,L,3D,EVD68
1824,0,1,D,3D,EVD68
1825,0,1,I,3D,EVD68
1826,0,1,S,3D,EVD68
1827,0.337449778,3,V,3D,EVD68
1828,0.175487658,3,D,3D,EVD68
1829,0,1,P,3D,EVD68
1830,0,1,I,3D,EVD68
1831,0.067407879,3,P,3D,EVD68
1832,0,1,L,3D,EVD68
1833,0,1,E,3D,EVD68
1834,0.173388913,4,S,3D,EVD68
1835,0,1,A,3D,EVD68
1836,0,1,M,3D,EVD68
1837,0,1,Y,3D,EVD68
1838,0,1,G,3D,EVD68
1839,0,1,M,3D,EVD68
1840,0.159681368,3,D,3D,EVD68
1841,0,1,G,3D,EVD68
1842,0,1,L,3D,EVD68
1843,0,1,E,3D,EVD68
1844,0.02470935,2,A,3D,EVD68
1845,0,1,L,3D,EVD68
1846,0,1,D,3D,EVD68
1847,0,1,L,3D,EVD68
1848,0,1,T,3D,EVD68
1849,0,1,T,3D,EVD68
1850,0,1,S,3D,EVD68
1851,0,1,A,3D,EVD68
1852,0,1,G,3D,EVD68
1853,0.151655564,2,F,3D,EVD68
1854,0,1,P,3D,EVD68
1855,0,1,Y,3D,EVD68
1856,0.02470935,2,L,3D,EVD68
1857,0,1,L,3D,EVD68
1858,0,1,Q,3D,EVD68
1859,0,1,G,3D,EVD68
1860,0.02470935,2,K,3D,EVD68
1861,0.02470935,2,K,3D,EVD68
1862,0,1,K,3D,EVD68
1863,0,1,R,3D,EVD68
1864,0,1,D,3D,EVD68
1865,0,1,I,3D,EVD68
1866,0,1,F,3D,EVD68
1867,0,1,N,3D,EVD68
1868,0,1,R,3D,EVD68
1869,0.229753218,2,Q,3D,EVD68
1870,0,1,T,3D,EVD68
1871,0.085031145,2,R,3D,EVD68
1872,0,1,D,3D,EVD68
1873,0,1,T,3D,EVD68
1874,0.227355802,2,T,3D,EVD68
1875,0,1,E,3D,EVD68
1876,0,1,M,3D,EVD68
1877,0,1,T,3D,EVD68
1878,0.213543416,2,K,3D,EVD68
1879,0,1,M,3D,EVD68
1880,0.02470935,2,L,3D,EVD68
1881,0.175487658,3,E,3D,EVD68
1882,0.02470935,2,K,3D,EVD68
1883,0,1,Y,3D,EVD68
1884,0,1,G,3D,EVD68
1885,0,1,V,3D,EVD68
1886,0,1,D,3D,EVD68
1887,0,1,L,3D,EVD68
1888,0,1,P,3D,EVD68
1889,0.042833836,2,F,3D,EVD68
1890,0,1,V,3D,EVD68
1891,0,1,T,3D,EVD68
1892,0,1,F,3D,EVD68
1893,0.02470935,2,V,3D,EVD68
1894,0,1,K,3D,EVD68
1895,0,1,D,3D,EVD68
1896,0,1,E,3D,EVD68
1897,0,1,L,3D,EVD68
1898,0,1,R,3D,EVD68
1899,0,1,S,3D,EVD68
1900,0.085031145,2,R,3D,EVD68
1901,0,1,E,3D,EVD68
1902,0,1,K,3D,EVD68
1903,0.02470935,2,V,3D,EVD68
1904,0,1,E,3D,EVD68
1905,0.02470935,2,K,3D,EVD68
1906,0,1,G,3D,EVD68
1907,0.02470935,2,K,3D,EVD68
1908,0,1,S,3D,EVD68
1909,0,1,R,3D,EVD68
1910,0,1,L,3D,EVD68
1911,0,1,I,3D,EVD68
1912,0,1,E,3D,EVD68
1913,0,1,A,3D,EVD68
1914,0.02470935,2,S,3D,EVD68
1915,0.02470935,2,S,3D,EVD68
1916,0,1,L,3D,EVD68
1917,0,1,N,3D,EVD68
1918,0,1,D,3D,EVD68
1919,0,1,S,3D,EVD68
1920,0,1,V,3D,EVD68
1921,0,1,A,3D,EVD68
1922,0,1,M,3D,EVD68
1923,0,1,R,3D,EVD68
1924,0,1,V,3D,EVD68
1925,0,1,A,3D,EVD68
1926,0,1,F,3D,EVD68
1927,0,1,G,3D,EVD68
1928,0,1,N,3D,EVD68
1929,0,1,L,3D,EVD68
1930,0,1,Y,3D,EVD68
1931,0.02470935,2,A,3D,EVD68
1932,0.02470935,2,T,3D,EVD68
1933,0,1,F,3D,EVD68
1934,0,1,H,3D,EVD68
1935,0.285085814,3,N,3D,EVD68
1936,0,1,N,3D,EVD68
1937,0,1,P,3D,EVD68
1938,0,1,G,3D,EVD68
1939,0.185152757,3,T,3D,EVD68
1940,0,1,A,3D,EVD68
1941,0,1,T,3D,EVD68
1942,0,1,G,3D,EVD68
1943,0.02470935,2,S,3D,EVD68
1944,0,1,A,3D,EVD68
1945,0,1,V,3D,EVD68
1946,0.02470935,2,G,3D,EVD68
1947,0,1,C,3D,EVD68
1948,0,1,D,3D,EVD68
1949,0.02470935,2,P,3D,EVD68
1950,0,1,D,3D,EVD68
1951,0.342803048,4,I,3D,EVD68
1952,0,1,F,3D,EVD68
1953,0,1,W,3D,EVD68
1954,0,1,S,3D,EVD68
1955,0,1,K,3D,EVD68
1956,0,1,I,3D,EVD68
1957,0,1,P,3D,EVD68
1958,0.158912615,2,I,3D,EVD68
1959,0.151655564,2,L,3D,EVD68
1960,0,1,L,3D,EVD68
1961,0.058430119,2,D,3D,EVD68
1962,0,1,G,3D,EVD68
1963,0.175487658,3,E,3D,EVD68
1964,0.049351532,3,I,3D,EVD68
1965,0.02470935,2,F,3D,EVD68
1966,0,1,A,3D,EVD68
1967,0,1,F,3D,EVD68
1968,0,1,D,3D,EVD68
1969,0,1,Y,3D,EVD68
1970,0,1,T,3D,EVD68
1971,0,1,G,3D,EVD68
1972,0,1,Y,3D,EVD68
1973,0,1,D,3D,EVD68
1974,0,1,A,3D,EVD68
1975,0.02470935,2,S,3D,EVD68
1976,0.02470935,2,L,3D,EVD68
1977,0.02470935,2,S,3D,EVD68
1978,0,1,P,3D,EVD68
1979,0,1,V,3D,EVD68
1980,0,1,W,3D,EVD68
1981,0,1,F,3D,EVD68
1982,0,1,A,3D,EVD68
1983,0,1,C,3D,EVD68
1984,0,1,L,3D,EVD68
1985,0,1,K,3D,EVD68
1986,0.049351532,3,K,3D,EVD68
1987,0.067407879,3,V,3D,EVD68
1988,0,1,L,3D,EVD68
1989,0.02470935,2,I,3D,EVD68
1990,0,1,K,3D,EVD68
1991,0,1,L,3D,EVD68
1992,0,1,G,3D,EVD68
1993,0,1,Y,3D,EVD68
1994,0.02470935,2,T,3D,EVD68
1995,0,1,H,3D,EVD68
1996,0,1,Q,3D,EVD68
1997,0,1,T,3D,EVD68
1998,0.151655564,2,S,3D,EVD68
1999,0.02470935,2,F,3D,EVD68
2000,0.042833836,2,I,3D,EVD68
2001,0,1,D,3D,EVD68
2002,0,1,Y,3D,EVD68
2003,0,1,L,3D,EVD68
2004,0,1,C,3D,EVD68
2005,0,1,H,3D,EVD68
2006,0,1,S,3D,EVD68
2007,0,1,V,3D,EVD68
2008,0,1,H,3D,EVD68
2009,0,1,L,3D,EVD68
2010,0,1,Y,3D,EVD68
2011,0.02470935,2,K,3D,EVD68
2012,0,1,D,3D,EVD68
2013,0.02470935,2,R,3D,EVD68
2014,0.02470935,2,K,3D,EVD68
2015,0.02470935,2,Y,3D,EVD68
2016,0.058430119,2,I,3D,EVD68
2017,0.02470935,2,V,3D,EVD68
2018,0.02470935,2,N,3D,EVD68
2019,0,1,G,3D,EVD68
2020,0.049351532,3,G,3D,EVD68
2021,0,1,M,3D,EVD68
2022,0,1,P,3D,EVD68
2023,0,1,S,3D,EVD68
2024,0,1,G,3D,EVD68
2025,0,1,S,3D,EVD68
2026,0.02470935,2,S,3D,EVD68
2027,0,1,G,3D,EVD68
2028,0.02470935,2,T,3D,EVD68
2029,0,1,S,3D,EVD68
2030,0.02470935,2,I,3D,EVD68
2031,0,1,F,3D,EVD68
2032,0,1,N,3D,EVD68
2033,0,1,T,3D,EVD68
2034,0,1,M,3D,EVD68
2035,0,1,I,3D,EVD68
2036,0,1,N,3D,EVD68
2037,0,1,N,3D,EVD68
2038,0,1,I,3D,EVD68
2039,0,1,I,3D,EVD68
2040,0,1,I,3D,EVD68
2041,0,1,R,3D,EVD68
2042,0,1,T,3D,EVD68
2043,0,1,L,3D,EVD68
2044,0,1,L,3D,EVD68
2045,0.175487658,3,I,3D,EVD68
2046,0.165726587,2,R,3D,EVD68
2047,0.02470935,2,V,3D,EVD68
2048,0.02470935,2,Y,3D,EVD68
2049,0,1,K,3D,EVD68
2050,0,1,G,3D,EVD68
2051,0,1,I,3D,EVD68
2052,0,1,D,3D,EVD68
2053,0,1,L,3D,EVD68
2054,0,1,D,3D,EVD68
2055,0.02470935,2,Q,3D,EVD68
2056,0.02470935,2,F,3D,EVD68
2057,0.067407879,3,K,3D,EVD68
2058,0.02470935,2,M,3D,EVD68
2059,0.02470935,2,I,3D,EVD68
2060,0,1,A,3D,EVD68
2061,0,1,Y,3D,EVD68
2062,0,1,G,3D,EVD68
2063,0,1,D,3D,EVD68
2064,0,1,D,3D,EVD68
2065,0,1,V,3D,EVD68
2066,0.02470935,2,I,3D,EVD68
2067,0,1,A,3D,EVD68
2068,0,1,S,3D,EVD68
2069,0.02470935,2,Y,3D,EVD68
2070,0.02470935,2,P,3D,EVD68
2071,0.07235969,2,H,3D,EVD68
2072,0.167838359,3,K,3D,EVD68
2073,0,1,I,3D,EVD68
2074,0.042833836,2,D,3D,EVD68
2075,0,1,P,3D,EVD68
2076,0,1,G,3D,EVD68
2077,0,1,L,3D,EVD68
2078,0,1,L,3D,EVD68
2079,0,1,A,3D,EVD68
2080,0.127168089,3,E,3D,EVD68
2081,0,1,A,3D,EVD68
2082,0,1,G,3D,EVD68
2083,0.042833836,2,K,3D,EVD68
2084,0.216389532,4,H,3D,EVD68
2085,0,1,Y,3D,EVD68
2086,0,1,G,3D,EVD68
2087,0,1,L,3D,EVD68
2088,0.405599482,4,V,3D,EVD68
2089,0,1,M,3D,EVD68
2090,0,1,T,3D,EVD68
2091,0.02470935,2,P,3D,EVD68
2092,0,1,A,3D,EVD68
2093,0,1,D,3D,EVD68
2094,0,1,K,3D,EVD68
2095,0.151655564,2,G,3D,EVD68
2096,0.199926026,3,T,3D,EVD68
2097,0.082935018,3,S,3D,EVD68
2098,0,1,F,3D,EVD68
2099,0.175487658,3,V,3D,EVD68
2100,0.042833836,2,D,3D,EVD68
2101,0,1,T,3D,EVD68
2102,0.151655564,2,N,3D,EVD68
2103,0,1,W,3D,EVD68
2104,0.02470935,2,E,3D,EVD68
2105,0,1,N,3D,EVD68
2106,0,1,V,3D,EVD68
2107,0,1,T,3D,EVD68
2108,0,1,F,3D,EVD68
2109,0,1,L,3D,EVD68
2110,0,1,K,3D,EVD68
2111,0,1,R,3D,EVD68
2112,0,1,Y,3D,EVD68
2113,0,1,F,3D,EVD68
2114,0,1,R,3D,EVD68
2115,0.02470935,2,A,3D,EVD68
2116,0,1,D,3D,EVD68
2117,0.138931359,4,D,3D,EVD68
2118,0,1,Q,3D,EVD68
2119,0.02470935,2,Y,3D,EVD68
2120,0,1,P,3D,EVD68
2121,0,1,F,3D,EVD68
2122,0.02470935,2,L,3D,EVD68
2123,0.042833836,2,I,3D,EVD68
2124,0,1,H,3D,EVD68
2125,0,1,P,3D,EVD68
2126,0,1,V,3D,EVD68
2127,0,1,M,3D,EVD68
2128,0.02470935,2,P,3D,EVD68
2129,0,1,M,3D,EVD68
2130,0.02470935,2,K,3D,EVD68
2131,0,1,E,3D,EVD68
2132,0.02470935,2,I,3D,EVD68
2133,0.02470935,2,H,3D,EVD68
2134,0,1,E,3D,EVD68
2135,0.02470935,2,S,3D,EVD68
2136,0,1,I,3D,EVD68
2137,0.02470935,2,R,3D,EVD68
2138,0.02470935,2,W,3D,EVD68
2139,0,1,T,3D,EVD68
2140,0,1,K,3D,EVD68
2141,0,1,D,3D,EVD68
2142,0,1,P,3D,EVD68
2143,0,1,R,3D,EVD68
2144,0,1,N,3D,EVD68
2145,0,1,T,3D,EVD68
2146,0,1,Q,3D,EVD68
2147,0.02470935,2,D,3D,EVD68
2148,0,1,H,3D,EVD68
2149,0,1,V,3D,EVD68
2150,0,1,R,3D,EVD68
2151,0,1,S,3D,EVD68
2152,0,1,L,3D,EVD68
2153,0,1,C,3D,EVD68
2154,0.191670453,4,Y,3D,EVD68
2155,0,1,L,3D,EVD68
2156,0,1,A,3D,EVD68
2157,0,1,W,3D,EVD68
2158,0,1,H,3D,EVD68
2159,0.042833836,2,N,3D,EVD68
2160,0,1,G,3D,EVD68
2161,0,1,E,3D,EVD68
2162,0,1,E,3D,EVD68
2163,0.067407879,3,A,3D,EVD68
2164,0,1,Y,3D,EVD68
2165,0,1,N,3D,EVD68
2166,0,1,E,3D,EVD68
2167,0,1,F,3D,EVD68
2168,0,1,C,3D,EVD68
2169,0.126907851,2,R,3D,EVD68
2170,0.02470935,2,K,3D,EVD68
2171,0,1,I,3D,EVD68
2172,0,1,R,3D,EVD68
2173,0.042833836,2,S,3D,EVD68
2174,0,1,V,3D,EVD68
2175,0,1,P,3D,EVD68
2176,0,1,V,3D,EVD68
2177,0,1,G,3D,EVD68
2178,0.042833836,2,R,3D,EVD68
2179,0,1,A,3D,EVD68
2180,0,1,L,3D,EVD68
2181,0.182663643,3,T,3D,EVD68
2182,0,1,L,3D,EVD68
2183,0,1,P,3D,EVD68
2184,0.151655564,2,A,3D,EVD68
2185,0,1,Y,3D,EVD68
2186,0,1,S,3D,EVD68
2187,0,1,S,3D,EVD68
2188,0,1,L,3D,EVD68
2189,0,1,R,3D,EVD68
2190,0,1,R,3D,EVD68
2191,0.07235969,2,K,3D,EVD68
2192,0,1,W,3D,EVD68
2193,0,1,L,3D,EVD68
2194,0,1,D,3D,EVD68
2195,0,1,S,3D,EVD68
2196,0,1,F,3D,EVD68
